id,e_code,t_code,element_type,Team,Name,Pos,Price,04,05,06,07,08,09,10,11,12,13,14,15
1,232223,3,4,Arsenal,Balogun,FWD,44,0.0,0.0,0.0,0.0,0.0,0.0,0.0,0.0,0.0,0.0,0.0,0.0
2,58822,3,2,Arsenal,Cédric,DEF,40,0.0,0.0,0.1,0.1,0.1,0.1,0.1,0.1,0.1,0.1,0.1,0.1
3,153256,3,3,Arsenal,M.Elneny,MID,44,0.0,0.0,0.0,0.0,0.0,0.0,0.0,0.0,0.0,0.0,0.0,0.0
4,438098,3,3,Arsenal,Fábio Vieira,MID,54,0.4,0.4,0.5,0.6,0.5,0.6,0.7,0.5,0.8,0.6,0.7,0.7
5,226597,3,2,Arsenal,Gabriel,DEF,48,2.0,2.6,2.5,2.8,2.0,2.4,3.8,1.9,3.4,2.4,3.5,3.0
6,219847,3,3,Arsenal,Havertz,MID,73,2.4,2.7,2.6,2.7,2.1,2.4,3.2,2.0,2.9,2.3,2.8,2.7
7,156074,3,2,Arsenal,Holding,DEF,44,0.0,0.0,0.0,0.0,0.0,0.1,0.1,0.1,0.1,0.1,0.1,0.1
8,205651,3,4,Arsenal,G.Jesus,FWD,79,2.7,4.6,4.3,4.4,3.3,3.8,5.3,3.2,5.0,3.8,4.8,4.5
9,85955,3,3,Arsenal,Jorginho,MID,54,0.6,0.6,0.7,0.7,0.7,0.7,0.9,0.7,0.9,0.7,0.9,0.8
10,440854,3,2,Arsenal,Kiwior,DEF,44,0.7,0.9,0.9,1.0,0.8,0.9,1.4,0.8,1.2,1.0,1.1,1.2
11,479683,3,3,Arsenal,Marquinhos,MID,45,0.0,0.0,0.0,0.0,0.0,0.0,0.0,0.0,0.0,0.0,0.0,0.0
12,444145,3,3,Arsenal,Martinelli,MID,80,4.4,4.1,3.8,3.8,2.9,3.3,4.6,2.7,4.2,3.2,4.0,3.8
13,205533,3,4,Arsenal,Nketiah,FWD,56,3.0,1.4,1.4,1.5,1.2,1.3,1.9,1.1,1.7,1.2,1.5,1.2
14,184029,3,3,Arsenal,Ødegaard,MID,85,4.1,4.0,3.8,3.9,3.1,3.5,4.7,2.9,4.3,3.3,4.2,3.9
15,167199,3,3,Arsenal,Thomas,MID,49,2.4,2.1,2.1,2.1,1.8,1.9,2.4,1.7,2.2,1.9,2.3,2.1
16,195735,3,3,Arsenal,Pepe,MID,49,0.0,0.0,0.0,0.0,0.0,0.0,0.0,0.0,0.0,0.0,0.0,0.0
17,225321,3,1,Arsenal,Ramsdale,GKP,50,3.2,3.1,3.1,3.1,2.9,2.8,3.1,2.6,2.8,3.5,2.8,2.5
18,115918,3,1,Arsenal,Rúnarsson,GKP,40,0.0,0.0,0.0,0.0,0.0,0.0,0.0,0.0,0.0,0.0,0.0,0.0
19,223340,3,3,Arsenal,Saka,MID,87,5.2,4.9,4.5,4.6,3.5,4.1,5.7,3.3,5.2,3.9,5.0,4.6
20,462424,3,2,Arsenal,Saliba,DEF,52,2.1,2.6,2.5,2.7,1.9,2.3,3.7,1.6,3.1,2.2,3.2,3.0
21,437742,3,3,Arsenal,Sambi,MID,49,0.0,0.0,0.0,0.1,0.1,0.1,0.1,0.1,0.1,0.1,0.1,0.1
22,209289,3,3,Arsenal,Smith Rowe,MID,54,0.3,0.3,0.4,0.4,0.4,0.5,0.7,0.5,0.7,0.6,0.8,0.8
23,437626,3,2,Arsenal,Tavares,DEF,40,0.0,1.2,2.5,2.6,1.9,2.2,3.5,1.6,2.9,2.0,3.0,2.7
24,192895,3,2,Arsenal,Tierney,DEF,44,0.0,0.0,0.0,0.0,0.0,0.0,0.0,0.0,0.0,0.0,0.0,0.0
25,223723,3,2,Arsenal,Tomiyasu,DEF,45,1.0,1.1,1.3,1.4,1.1,1.3,1.9,1.0,1.7,1.2,1.8,1.6
26,116216,3,3,Arsenal,Trossard,MID,67,1.1,1.1,1.2,1.3,1.1,1.2,1.7,1.2,1.7,1.4,1.7,1.6
27,201410,49,2,Sheffield Utd,Trusty,DEF,40,0.3,0.3,0.4,0.4,0.6,0.5,0.4,0.8,0.4,0.8,0.8,0.6
28,224068,17,1,Nott'm Forest,Turner,GKP,40,3.6,0.1,0.1,0.2,0.2,0.2,0.2,0.3,0.3,0.3,0.3,0.4
29,198869,3,2,Arsenal,White,DEF,55,2.5,2.8,2.8,2.9,2.1,2.5,3.9,1.8,3.2,2.3,3.4,3.1
30,84450,3,3,Arsenal,Xhaka,MID,60,0.0,0.0,0.0,0.0,0.0,0.0,0.0,0.0,0.0,0.0,0.0,0.0
31,206325,3,2,Arsenal,Zinchenko,DEF,49,2.6,3.0,2.9,3.1,2.2,2.6,4.0,1.9,3.4,2.5,3.6,3.3
32,106468,7,2,Aston Villa,Alex Moreno,DEF,50,0.0,0.5,1.3,2.0,2.8,2.7,3.3,2.8,3.1,2.0,2.6,1.8
33,433979,49,4,Sheffield Utd,Archer,FWD,45,3.1,2.5,2.3,2.5,2.6,2.7,2.2,2.7,2.4,2.7,2.5,2.4
34,215711,7,3,Aston Villa,Bailey,MID,55,2.6,2.4,2.2,2.6,2.4,2.4,2.8,2.3,2.7,2.1,2.4,1.9
35,195546,7,3,Aston Villa,Buendia,MID,58,0.0,0.0,0.0,0.0,0.0,0.0,0.0,0.0,0.0,0.0,0.0,0.0
36,199796,7,2,Aston Villa,Cash,DEF,46,2.0,3.4,2.6,2.5,3.2,3.2,3.7,3.3,3.7,2.3,3.0,2.0
37,101184,7,2,Aston Villa,Chambers,DEF,40,0.4,0.6,0.4,0.3,0.4,0.5,0.6,0.6,0.7,0.4,0.6,0.4
38,84583,7,3,Aston Villa,Coutinho,MID,59,0.0,0.0,0.0,0.0,0.0,0.0,0.0,0.0,0.0,0.0,0.0,0.0
39,221239,7,4,Aston Villa,Davis,FWD,49,0.0,0.0,0.0,0.0,0.0,0.0,0.1,0.0,0.1,0.1,0.0,0.1
40,151589,7,3,Aston Villa,Dendoncker,MID,49,0.0,0.2,0.2,0.2,0.3,0.3,0.3,0.4,0.4,0.4,0.4,0.3
41,165659,7,2,Aston Villa,Diego Carlos,DEF,45,1.5,1.9,1.5,1.4,1.8,1.8,2.1,1.9,2.2,1.5,1.8,1.3
42,101188,7,2,Aston Villa,Digne,DEF,45,1.7,2.9,1.8,1.2,1.5,1.4,1.6,1.6,1.7,1.1,1.4,1.1
43,230046,7,3,Aston Villa,Douglas Luiz,MID,54,2.6,2.7,2.6,2.8,2.8,2.8,3.1,2.7,3.0,2.4,2.6,2.2
44,476344,7,4,Aston Villa,Duran,FWD,50,0.6,0.6,0.4,0.5,0.5,0.5,0.7,0.6,0.7,0.5,0.6,0.5
45,123354,7,2,Aston Villa,Hause,DEF,40,0.0,0.0,0.0,0.0,0.1,0.0,0.1,0.1,0.1,0.0,0.1,0.1
46,490094,7,3,Aston Villa,Iroegbunam,MID,44,0.0,0.0,0.0,0.0,0.0,0.0,0.0,0.0,0.0,0.0,0.0,0.0
47,226944,7,3,Aston Villa,Kamara,MID,50,1.9,2.0,1.8,1.9,1.9,1.9,2.0,1.8,1.9,1.7,1.8,1.7
48,199798,7,2,Aston Villa,Konsa,DEF,45,1.7,3.0,2.2,2.1,2.8,2.8,3.3,2.9,3.3,2.0,2.6,1.8
49,98980,7,1,Aston Villa,Martinez,GKP,50,3.1,3.5,3.4,3.3,3.4,3.4,3.6,3.5,3.6,3.3,3.4,3.3
50,122806,7,3,Aston Villa,McGinn,MID,55,2.0,2.0,1.8,2.0,1.9,2.0,2.2,1.9,2.1,1.8,2.0,1.7
51,149484,7,2,Aston Villa,Mings,DEF,43,0.0,0.0,0.0,0.0,0.0,0.0,0.0,0.0,0.0,0.0,0.0,0.0
52,184704,102,3,Luton,Nakamba,MID,45,2.2,2.2,2.3,2.1,2.0,2.1,1.9,1.9,1.9,2.0,1.8,1.9
53,111782,7,1,Aston Villa,Olsen,GKP,40,0.8,0.1,0.1,0.1,0.2,0.2,0.2,0.2,0.2,0.2,0.2,0.2
54,481624,7,3,Aston Villa,Philogene,MID,45,0.3,0.3,0.2,0.1,0.1,0.1,0.2,0.2,0.2,0.2,0.2,0.1
55,232653,7,3,Aston Villa,J.Ramsey,MID,59,0.0,0.3,0.8,1.5,1.8,1.8,1.9,1.7,2.1,1.5,1.7,1.4
56,122775,7,3,Aston Villa,Sanson,MID,45,0.0,0.0,0.0,0.0,0.0,0.0,0.0,0.0,0.0,0.0,0.0,0.0
57,248164,7,1,Aston Villa,Sinisalo,GKP,40,0.0,0.0,0.0,0.0,0.0,0.0,0.0,0.0,0.0,0.0,0.0,0.0
58,166989,7,3,Aston Villa,Tielemans,MID,59,0.8,1.0,1.0,1.0,1.0,1.0,1.1,1.1,1.2,1.0,1.1,1.0
59,110504,7,3,Aston Villa,Bertrand Traoré,MID,50,0.0,0.1,0.2,0.3,0.3,0.3,0.4,0.3,0.4,0.3,0.3,0.3
60,178301,7,4,Aston Villa,Watkins,FWD,80,3.6,3.5,3.7,4.3,4.0,4.3,4.6,3.9,4.5,3.6,4.1,3.1
61,213345,7,4,Aston Villa,Wesley,FWD,50,0.0,0.0,0.0,0.0,0.0,0.0,0.0,0.0,0.0,0.0,0.0,0.0
62,444180,91,3,Bournemouth,Anthony,MID,49,1.1,1.1,0.9,0.9,0.9,1.0,1.1,0.8,0.8,1.0,0.9,0.9
63,168991,91,3,Bournemouth,Billing,MID,54,2.6,2.8,2.5,2.5,2.7,3.0,2.9,2.1,2.3,2.9,2.6,2.3
64,111317,91,3,Bournemouth,Brooks,MID,49,1.3,1.3,1.2,1.0,1.2,1.2,1.3,1.0,1.0,1.2,1.2,1.1
65,158499,91,3,Bournemouth,Christie,MID,50,2.0,2.0,1.8,1.8,1.9,2.0,2.1,1.5,1.6,1.9,1.8,1.6
66,155408,91,3,Bournemouth,L.Cook,MID,50,1.5,2.0,1.9,1.8,1.9,2.0,2.0,1.6,1.7,2.0,1.9,1.7
67,244085,91,3,Bournemouth,Siriki,MID,45,0.0,0.0,0.0,0.0,0.0,0.0,0.0,0.0,0.0,0.0,0.0,0.0
68,81012,91,2,Bournemouth,Fredericks,DEF,44,0.0,0.2,0.2,0.2,0.3,0.4,0.4,0.2,0.3,0.5,0.3,0.4
69,463981,91,2,Bournemouth,Hill,DEF,40,0.0,0.0,0.0,0.0,0.0,0.0,0.0,0.0,0.0,0.0,0.0,0.0
70,235530,91,2,Bournemouth,Kelly,DEF,45,1.4,2.0,1.0,1.6,1.8,2.6,2.4,0.9,1.4,2.7,2.0,2.0
71,444183,91,3,Bournemouth,Kilkenny,MID,44,0.3,0.3,0.3,0.4,0.4,0.4,0.5,0.3,0.4,0.4,0.4,0.4
72,222683,91,3,Bournemouth,Kluivert,MID,49,2.2,2.3,2.0,1.9,2.0,2.2,2.2,1.6,1.7,2.1,1.8,1.7
73,128309,91,3,Bournemouth,Lowe,MID,49,0.0,0.0,0.0,0.0,0.0,0.0,0.0,0.0,0.0,0.0,0.0,0.0
74,133845,91,3,Bournemouth,Marcondes,MID,44,0.0,0.0,0.0,0.0,0.0,0.0,0.0,0.0,0.0,0.0,0.0,0.0
75,223911,91,2,Bournemouth,Mepham,DEF,44,0.4,0.4,0.3,0.4,0.5,0.8,0.7,0.3,0.5,0.8,0.6,0.6
76,128340,91,4,Bournemouth,Moore,FWD,49,0.7,0.8,0.9,0.9,1.1,1.1,1.3,0.8,1.0,1.2,1.0,0.9
77,69752,91,1,Bournemouth,Neto,GKP,45,3.4,3.4,3.5,3.4,3.4,3.4,3.4,3.5,3.4,3.5,3.4,3.4
78,533463,91,3,Bournemouth,O.Dango,MID,49,0.0,0.3,0.8,1.3,1.5,1.7,1.8,1.2,1.5,1.8,1.6,1.3
79,156687,91,3,Bournemouth,Pearson,MID,45,0.0,0.0,0.0,0.0,0.0,0.0,0.0,0.0,0.0,0.0,0.0,0.0
80,32259,91,1,Bournemouth,Randolph,GKP,40,0.0,0.0,0.0,0.1,0.1,0.1,0.0,0.1,0.1,0.1,0.1,0.1
81,156685,91,3,Bournemouth,Rothwell,MID,50,1.6,1.3,1.2,1.2,1.3,1.3,1.4,1.2,1.2,1.4,1.4,1.3
82,437730,91,4,Bournemouth,Semenyo,FWD,45,1.7,1.2,1.1,1.0,1.0,1.1,1.1,0.9,1.0,1.1,1.1,0.9
83,221466,91,2,Bournemouth,Senesi,DEF,44,1.0,1.4,0.8,1.1,1.4,1.8,1.7,0.7,1.1,1.9,1.5,1.5
84,54469,91,2,Bournemouth,Smith,DEF,44,0.0,0.7,0.6,1.1,1.2,1.6,1.5,0.6,0.9,1.7,1.3,1.4
85,154566,91,4,Bournemouth,Solanke,FWD,65,3.5,3.8,3.6,3.3,3.6,3.8,4.0,2.6,2.9,3.7,3.4,2.9
86,201658,91,3,Bournemouth,Tavernier,MID,54,0.2,1.3,1.6,1.7,1.8,1.9,1.9,1.4,1.6,2.0,1.7,1.6
87,424044,91,3,Bournemouth,Hamed Traorè,MID,49,1.5,1.5,1.4,1.3,1.4,1.6,1.5,1.1,1.2,1.7,1.4,1.2
88,229600,91,1,Bournemouth,Travers,GKP,40,0.0,0.0,0.0,0.0,0.0,0.0,0.0,0.0,0.0,0.0,0.0,0.0
89,477580,91,2,Bournemouth,Zabarnyi,DEF,45,1.3,1.9,0.9,1.5,1.7,2.4,2.3,0.8,1.3,2.5,1.9,1.9
90,191866,94,2,Brentford,Ajer,DEF,45,1.2,0.6,1.1,1.2,0.8,1.2,0.9,1.1,0.8,1.0,1.3,0.8
91,235448,94,1,Brentford,Balcombe,GKP,40,0.0,0.0,0.0,0.0,0.0,0.0,0.0,0.0,0.0,0.0,0.0,0.0
92,432160,94,3,Brentford,Baptiste,MID,45,0.0,0.0,0.0,0.0,0.0,0.0,0.0,0.0,0.0,0.0,0.2,0.3
93,228044,94,2,Brentford,Bech,DEF,40,0.2,0.1,0.2,0.3,0.2,0.3,0.3,0.3,0.2,0.2,0.3,0.2
94,481405,94,3,Brentford,Bidstrup,MID,45,0.0,0.0,0.0,0.0,0.0,0.0,0.0,0.0,0.0,0.0,0.0,0.0
95,174932,94,3,Brentford,Canós,MID,50,0.0,0.0,0.0,0.0,0.0,0.0,0.0,0.0,0.0,0.0,0.0,0.0
96,432830,94,2,Brentford,Collins,DEF,45,2.7,1.2,2.3,2.4,1.4,2.6,1.8,2.4,1.5,1.9,2.8,1.4
97,503300,94,1,Brentford,Cox,GKP,40,0.0,0.0,0.0,0.0,0.0,0.0,0.0,0.0,0.0,0.0,0.0,0.0
98,440089,94,3,Brentford,Damsgaard,MID,49,0.0,0.3,1.1,1.8,1.9,2.3,1.9,2.2,1.9,2.0,2.3,1.9
99,183656,94,3,Brentford,Dasilva,MID,49,0.0,0.0,0.0,0.0,0.0,0.0,0.0,0.0,0.0,0.0,0.3,0.4
100,434662,94,4,Brentford,Dervişoğlu,FWD,45,0.0,0.0,0.0,0.0,0.0,0.0,0.0,0.0,0.0,0.0,0.0,0.0
101,118342,94,1,Brentford,Flekken,GKP,45,3.7,3.5,3.6,3.7,3.5,3.6,3.5,3.6,3.5,3.5,3.7,3.5
102,213687,94,2,Brentford,Goode,DEF,40,0.0,0.0,0.0,0.0,0.0,0.0,0.0,0.0,0.1,0.0,0.1,0.0
103,194010,94,2,Brentford,Henry,DEF,46,3.5,1.7,3.3,3.3,1.9,3.4,2.5,3.1,1.9,2.5,3.7,1.8
104,472713,94,2,Brentford,Hickey,DEF,45,2.8,1.3,2.5,2.6,1.4,2.6,1.8,2.3,1.4,1.8,2.7,1.3
105,204580,94,3,Brentford,Janelt,MID,55,3.0,2.3,2.8,2.5,2.3,2.7,2.3,2.5,2.2,2.3,2.6,2.2
106,207283,94,3,Brentford,Jensen,MID,54,3.2,2.3,3.0,2.6,2.4,2.8,2.4,2.7,2.3,2.3,2.9,2.3
107,249231,94,3,Brentford,Lewis-Potter,MID,49,0.9,0.7,0.8,0.8,0.8,1.0,0.8,1.0,0.8,0.8,1.0,0.8
108,446008,94,3,Brentford,Mbeumo,MID,68,4.7,3.1,4.6,3.9,3.6,4.4,3.3,4.0,3.2,3.4,4.5,3.5
109,51927,94,2,Brentford,Mee,DEF,49,2.3,1.7,3.3,3.2,1.9,3.2,2.4,3.0,1.8,2.3,3.4,1.8
110,128295,94,3,Brentford,Nørgaard,MID,55,2.9,2.2,2.8,2.5,2.3,2.7,2.3,2.5,2.1,2.2,2.6,2.1
111,428580,94,3,Brentford,Onyeka,MID,49,1.4,1.1,1.4,1.1,1.0,1.2,1.1,1.2,1.1,1.1,1.1,1.0
112,231065,94,2,Brentford,Pinnock,DEF,45,3.8,1.8,3.4,3.3,2.0,3.4,2.5,3.0,1.9,2.4,3.6,1.9
113,154561,3,1,Arsenal,Raya,GKP,48,0.9,1.1,1.1,1.2,1.4,1.4,1.7,1.6,1.7,0.0,1.8,2.0
114,226956,94,2,Brentford,Roerslev,DEF,45,0.4,0.3,0.6,0.6,0.5,0.7,0.6,0.7,0.5,0.7,0.9,0.5
115,513418,94,3,Brentford,Schade,MID,54,2.6,1.8,2.3,2.1,2.0,2.4,1.9,2.2,1.8,1.9,2.3,2.0
116,140200,94,1,Brentford,Strakosha,GKP,40,0.0,0.1,0.1,0.2,0.2,0.2,0.2,0.2,0.2,0.2,0.2,0.2
117,144485,94,4,Brentford,Toney,FWD,79,0.0,0.0,0.0,0.0,0.0,0.0,0.0,0.0,0.0,0.0,0.0,0.0
118,591357,94,3,Brentford,Trevitt,MID,45,0.0,0.0,0.0,0.0,0.0,0.0,0.0,0.0,0.0,0.0,0.0,0.0
119,216646,94,4,Brentford,Wissa,FWD,62,4.7,2.9,4.4,3.6,3.7,4.3,3.3,4.0,3.2,3.3,4.4,3.5
120,508395,94,3,Brentford,Yarmolyuk,MID,44,0.1,0.1,0.1,0.1,0.1,0.1,0.1,0.1,0.1,0.1,0.1,0.1
121,48760,94,2,Brentford,Zanka,DEF,45,0.1,0.1,0.1,0.1,0.1,0.2,0.1,0.2,0.1,0.1,0.3,0.1
122,535818,36,3,Brighton,Adingra,MID,50,0.2,0.3,0.3,0.3,0.3,0.3,0.4,0.4,0.4,0.4,0.3,0.4
123,235382,36,3,Brighton,Alzate,MID,44,0.0,0.0,0.0,0.1,0.1,0.1,0.1,0.1,0.1,0.1,0.1,0.2
124,509416,36,3,Brighton,Ayari,MID,45,0.0,0.0,0.0,0.0,0.0,0.0,0.0,0.0,0.0,0.0,0.0,0.0
125,536916,36,3,Brighton,Buonanotte,MID,49,1.1,1.2,1.2,0.9,1.1,0.9,1.3,1.2,1.4,1.2,1.1,1.1
126,486672,8,3,Chelsea,Caicedo,MID,49,2.3,2.1,2.1,2.1,2.1,2.0,2.0,1.9,1.8,1.8,2.0,1.9
127,233425,36,4,Brighton,Connolly,FWD,45,0.0,0.0,0.0,0.0,0.0,0.0,0.0,0.0,0.0,0.0,0.0,0.0
128,168090,36,3,Brighton,Dahoud,MID,49,1.4,1.8,2.2,1.9,1.9,1.7,2.1,2.0,2.2,1.9,1.8,1.9
129,83299,36,2,Brighton,Dunk,DEF,50,1.8,1.6,3.3,2.1,2.1,1.3,3.5,2.6,4.0,3.1,2.2,2.5
130,474120,36,3,Brighton,Enciso,MID,53,0.0,0.0,0.0,0.0,0.0,0.0,0.0,0.0,0.0,0.0,0.0,0.0
131,204214,36,2,Brighton,Estupiñan,DEF,53,2.0,1.8,3.5,2.3,2.3,1.4,3.7,2.7,4.2,3.2,2.3,2.7
132,487117,36,4,Brighton,Ferguson,FWD,59,3.2,3.3,3.4,2.5,2.5,1.9,2.9,2.7,3.2,2.6,2.5,2.5
133,243568,36,3,Brighton,Gilmour,MID,50,1.9,1.9,2.1,1.7,1.8,1.5,1.9,1.9,2.1,1.9,1.8,1.8
134,60307,36,3,Brighton,Gross,MID,64,3.1,3.4,4.0,3.1,3.3,2.6,4.1,3.5,4.5,3.4,3.1,3.4
135,475168,36,4,Brighton,João Pedro,FWD,55,2.9,3.2,3.4,2.6,2.7,2.2,3.4,2.9,3.4,2.7,2.5,2.8
136,442229,36,2,Brighton,Karbownik,DEF,40,0.0,0.0,0.0,0.0,0.0,0.0,0.0,0.0,0.0,0.0,0.0,0.0
137,484658,36,3,Brighton,Kozłowski,MID,45,0.0,0.0,0.0,0.0,0.0,0.0,0.0,0.0,0.0,0.0,0.0,0.0
138,39155,36,3,Brighton,Lallana,MID,49,0.7,0.7,0.8,0.7,0.8,0.7,1.0,0.9,1.0,1.0,0.9,0.9
139,232792,36,2,Brighton,Lamptey,DEF,39,0.4,0.6,0.9,0.7,0.7,0.5,1.1,0.8,1.3,1.1,0.8,0.9
140,109345,36,3,Brighton,March,MID,66,3.2,3.5,4.0,3.0,3.3,2.5,3.9,3.5,4.1,3.4,3.1,3.3
141,209288,36,1,Brighton,McGill,GKP,40,0.0,0.0,0.0,0.0,0.0,0.0,0.0,0.0,0.0,0.0,0.0,0.0
142,15157,36,3,Brighton,Milner,MID,49,1.8,1.7,1.9,1.6,1.7,1.5,1.8,1.7,1.9,1.7,1.6,1.7
143,451340,36,3,Brighton,Mitoma,MID,66,3.6,3.9,4.4,3.2,3.5,2.6,4.2,3.8,4.5,3.4,3.2,3.4
144,243505,36,3,Brighton,Moder,MID,44,0.5,0.5,0.6,0.5,0.6,0.5,0.8,0.8,0.9,0.7,0.6,0.8
145,215059,8,1,Chelsea,Sanchez,GKP,45,3.6,3.4,3.4,3.5,3.4,3.4,3.4,3.4,3.4,3.4,3.4,3.4
146,441192,36,3,Brighton,Sarmiento,MID,45,0.0,0.0,0.0,0.0,0.0,0.0,0.0,0.0,0.0,0.0,0.0,0.0
147,240514,36,1,Brighton,Scherpen,GKP,40,0.0,0.0,0.0,0.0,0.0,0.0,0.0,0.0,0.0,0.0,0.0,0.0
148,49262,36,1,Brighton,Steele,GKP,45,2.0,2.1,2.1,2.1,2.1,2.1,2.2,2.0,2.2,2.1,2.0,2.1
149,450434,36,4,Brighton,Undav,FWD,55,0.0,0.0,0.0,0.0,0.0,0.0,0.0,0.0,0.0,0.0,0.0,0.0
150,469142,36,2,Brighton,Van Hecke,DEF,40,0.3,0.3,0.5,0.3,0.4,0.3,0.7,0.6,0.9,0.7,0.5,0.5
151,111478,36,2,Brighton,Veltman,DEF,44,0.6,0.5,1.0,0.7,0.7,0.5,1.1,0.9,1.3,1.1,0.9,0.9
152,489639,36,1,Brighton,Verbruggen,GKP,44,2.2,2.2,2.2,2.1,2.1,2.2,2.2,2.2,2.3,2.3,2.2,2.1
153,110735,36,2,Brighton,Webster,DEF,44,1.7,1.5,2.7,1.9,1.8,1.2,2.8,2.1,3.2,2.6,1.8,2.1
154,50175,36,4,Brighton,Welbeck,FWD,59,0.0,0.6,1.9,2.1,2.7,2.0,3.2,2.8,3.4,2.5,2.5,2.7
155,204676,36,4,Brighton,Zeqiri,FWD,44,0.2,0.2,0.1,0.1,0.1,0.1,0.1,0.2,0.2,0.1,0.1,0.1
156,578614,90,3,Burnley,Agyei,MID,44,0.0,0.0,0.0,0.0,0.0,0.0,0.0,0.0,0.0,0.0,0.0,0.0
157,487968,90,2,Burnley,Al-Dakhil,DEF,40,2.1,2.1,1.3,0.8,1.5,1.1,1.5,1.7,1.0,1.6,2.3,1.5
158,189776,90,3,Burnley,Bastien,MID,49,0.0,0.0,0.0,0.0,0.0,0.0,0.0,0.0,0.0,0.0,0.0,0.0
159,183751,90,3,Burnley,Benson,MID,54,1.1,1.0,1.0,0.9,1.0,0.9,1.0,1.0,0.9,1.0,1.0,0.9
160,241231,90,2,Burnley,Beyer,DEF,40,0.0,0.9,1.1,1.1,2.2,1.6,2.2,2.6,1.3,2.3,3.3,2.4
161,172782,90,3,Burnley,Brownhill,MID,49,1.3,1.3,1.3,1.2,1.3,1.3,1.3,1.4,1.2,1.5,1.7,1.4
162,250735,90,3,Burnley,Churlinov,MID,44,0.0,0.0,0.0,0.0,0.0,0.0,0.0,0.0,0.0,0.0,0.0,0.0
163,40145,90,3,Burnley,Cork,MID,49,0.4,0.4,0.4,0.4,0.5,0.5,0.6,0.6,0.6,0.6,0.7,0.6
164,530873,90,3,Burnley,Costelloe,MID,45,0.0,0.0,0.0,0.0,0.0,0.0,0.0,0.0,0.0,0.0,0.0,0.0
165,172567,90,3,Burnley,Cullen,MID,50,2.7,2.8,2.8,2.2,2.7,2.4,2.6,2.4,2.2,2.6,2.9,2.5
166,432711,90,2,Burnley,Egan-Riley,DEF,40,0.2,0.1,0.0,0.0,0.1,0.0,0.1,0.1,0.0,0.1,0.1,0.1
167,478969,90,2,Burnley,Ekdal,DEF,40,0.1,1.6,1.2,0.7,1.0,0.8,1.1,1.3,0.8,1.1,1.5,1.2
168,435973,90,4,Burnley,Foster,FWD,50,2.5,2.4,2.5,2.0,2.4,2.1,2.3,2.0,1.9,2.3,2.6,2.2
169,493347,90,1,Burnley,Franchi,GKP,40,0.0,0.0,0.0,0.0,0.0,0.0,0.0,0.0,0.0,0.0,0.0,0.0
170,60586,90,3,Burnley,Gudmundsson,MID,49,1.2,0.8,0.7,0.5,0.6,0.5,0.6,0.6,0.5,0.7,0.7,0.6
171,483391,90,2,Burnley,McNally,DEF,40,0.0,0.0,0.0,0.0,0.0,0.0,0.0,0.0,0.0,0.0,0.0,0.0
172,232917,90,1,Burnley,Muric,GKP,44,0.1,0.1,0.1,0.2,0.2,0.3,0.2,0.3,0.3,0.3,0.3,0.3
173,216616,90,2,Burnley,O'Shea,DEF,45,1.9,2.5,1.5,1.0,1.9,1.5,1.9,2.2,1.2,2.0,2.7,2.0
174,220598,90,4,Burnley,Obafemi,FWD,49,0.0,0.0,0.0,0.0,0.0,0.2,0.5,0.6,0.5,0.7,0.7,0.7
175,220037,90,1,Burnley,Peacock-Farrell,GKP,40,0.0,0.0,0.0,0.0,0.0,0.0,0.0,0.0,0.0,0.0,0.0,0.0
176,192290,90,2,Burnley,Roberts,DEF,45,2.0,2.6,1.6,1.1,2.1,1.6,2.1,2.4,1.3,2.2,3.1,2.2
177,44683,90,4,Burnley,Rodriguez,FWD,54,1.0,1.0,1.1,0.8,1.0,1.0,1.1,1.0,0.9,1.0,1.3,1.0
178,103914,90,2,Burnley,Taylor,DEF,40,1.4,1.3,0.8,0.6,1.0,0.8,1.0,1.1,0.7,1.0,1.4,1.1
179,461102,90,2,Burnley,Thomas,DEF,40,0.0,0.0,0.0,0.0,0.0,0.0,0.0,0.0,0.0,0.0,0.0,0.0
180,226473,90,3,Burnley,Twine,MID,49,0.0,0.0,0.0,0.0,0.0,0.0,0.0,0.0,0.0,0.0,0.0,0.0
181,133085,90,1,Burnley,Vigouroux,GKP,40,0.0,0.0,0.0,0.0,0.0,0.0,0.0,0.0,0.0,0.0,0.0,0.0
182,441455,90,2,Burnley,Vitinho,DEF,45,0.6,0.9,0.6,0.5,0.9,0.7,1.0,1.0,0.6,0.9,1.3,1.0
183,120202,90,4,Burnley,Weghorst,FWD,55,0.0,0.0,0.0,0.0,0.0,0.0,0.0,0.0,0.0,0.0,0.0,0.0
184,511783,90,3,Burnley,Zaroury,MID,49,0.0,2.2,2.3,1.7,2.0,1.9,2.0,1.8,1.7,2.1,2.3,2.0
185,199598,8,2,Chelsea,Ampadu,DEF,40,0.0,0.0,0.0,0.0,0.0,0.0,0.0,0.0,0.0,0.0,0.0,0.0
186,532605,17,3,Nott'm Forest,Andrey,MID,44,0.0,0.0,0.0,0.0,0.0,0.0,0.0,0.0,0.0,0.0,0.0,0.0
187,109745,8,1,Chelsea,Arrizabalaga,GKP,50,0.0,0.0,0.0,0.0,0.0,0.0,0.0,0.0,0.0,0.0,0.0,0.0
188,54694,8,4,Chelsea,Aubameyang,FWD,65,0.0,0.0,0.0,0.0,0.0,0.0,0.0,0.0,0.0,0.0,0.0,0.0
189,41328,8,2,Chelsea,Azpilicueta,DEF,45,0.0,0.0,0.0,0.0,0.0,0.0,0.0,0.0,0.0,0.0,0.0,0.0
190,118335,8,2,Chelsea,Baba,DEF,40,0.0,0.0,0.0,0.0,0.0,0.0,0.0,0.0,0.0,0.0,0.0,0.0
191,242880,8,2,Chelsea,B.Badiashile,DEF,44,0.4,1.8,2.3,2.5,2.5,2.0,2.2,1.8,1.7,1.4,2.0,1.7
192,122074,8,1,Chelsea,Bettinelli,GKP,40,0.0,0.0,0.0,0.0,0.0,0.0,0.0,0.0,0.0,0.0,0.0,0.0
193,440323,8,4,Chelsea,Broja,FWD,49,0.0,0.0,0.1,0.4,0.7,1.0,1.0,0.9,0.9,0.9,1.2,1.0
194,180736,8,2,Chelsea,Chalobah,DEF,43,0.0,0.2,0.3,0.2,0.2,0.3,0.3,0.3,0.3,0.2,0.2,0.2
195,172850,8,2,Chelsea,Chilwell,DEF,58,4.0,3.2,3.0,3.3,3.0,2.5,2.7,2.3,2.0,1.7,2.4,2.0
196,478912,8,3,Chelsea,Chukwuemeka,MID,44,0.0,0.0,0.2,0.7,0.9,1.0,1.0,1.0,1.0,1.0,1.1,1.0
197,460028,8,2,Chelsea,Colwill,DEF,45,3.8,2.8,2.6,2.8,2.6,2.1,2.4,2.0,1.7,1.5,2.1,1.6
198,179268,8,2,Chelsea,Cucurella,DEF,49,1.1,0.7,0.7,0.8,0.7,0.7,0.8,0.6,0.6,0.6,0.7,0.6
199,448047,8,3,Chelsea,Enzo,MID,50,3.6,3.3,3.1,3.2,3.1,2.8,2.9,2.7,2.4,2.3,2.9,2.8
200,520295,8,4,Chelsea,D.D.Fofana,FWD,50,0.0,0.0,0.0,0.0,0.0,0.0,0.0,0.0,0.0,0.0,0.0,0.0
201,444463,8,2,Chelsea,W.Fofana,DEF,44,0.0,0.0,0.0,0.0,0.0,0.0,0.0,0.0,0.0,0.0,0.0,0.0
202,232787,8,3,Chelsea,Gallagher,MID,55,2.3,2.1,2.0,1.9,1.9,1.7,1.8,1.6,1.5,1.5,1.8,1.6
203,482609,8,2,Chelsea,Gusto,DEF,41,3.6,2.5,1.9,1.4,1.4,1.2,1.3,1.2,1.1,1.0,1.2,1.0
204,487838,4,2,Newcastle,Hall,DEF,45,0.6,0.4,0.4,0.4,0.4,0.4,0.5,0.5,0.5,0.5,0.4,0.5
205,209046,8,3,Chelsea,Hudson-Odoi,MID,49,1.3,1.5,1.7,1.8,1.8,1.7,1.8,1.6,1.5,1.5,1.7,1.6
206,225796,8,2,Chelsea,James,DEF,54,0.0,0.9,1.9,2.9,2.7,2.2,2.5,2.0,1.8,1.5,2.2,1.8
207,66749,8,4,Chelsea,Lukaku,FWD,68,0.0,0.0,0.0,0.0,0.0,0.0,0.0,0.0,0.0,0.0,0.0,0.0
208,248857,8,3,Chelsea,Madueke,MID,54,1.5,1.3,1.2,1.2,1.1,1.0,1.0,1.0,1.0,0.8,1.1,0.9
209,184341,1,3,Man Utd,Mount,MID,68,0.0,0.4,1.1,1.9,1.9,2.1,1.8,2.0,2.1,1.9,1.7,1.9
210,465920,8,3,Chelsea,Mudryk,MID,64,2.0,2.1,2.0,1.9,1.9,1.7,1.9,1.6,1.5,1.4,2.0,1.8
211,517052,8,4,Chelsea,N.Jackson,FWD,71,5.0,4.7,4.4,4.5,4.4,3.8,4.0,3.7,3.1,3.2,4.3,3.9
212,213198,8,4,Chelsea,Nkunku,FWD,74,0.0,0.0,0.0,0.0,0.0,0.0,0.0,0.0,0.0,0.0,0.0,0.0
213,176413,8,3,Chelsea,Pulisic,MID,55,0.0,0.0,0.0,0.0,0.0,0.0,0.0,0.0,0.0,0.0,0.0,0.0
214,204727,8,2,Chelsea,M.Sarr,DEF,45,0.7,0.5,0.3,0.3,0.4,0.3,0.4,0.3,0.3,0.3,0.3,0.3
215,471798,8,1,Chelsea,Slonina,GKP,40,0.0,0.0,0.0,0.0,0.0,0.0,0.0,0.0,0.0,0.0,0.0,0.0
216,103955,8,3,Chelsea,Sterling,MID,72,4.7,4.2,4.0,4.2,4.1,3.5,3.9,3.5,3.0,3.0,4.0,3.7
217,51090,8,2,Chelsea,T.Silva,DEF,50,3.6,2.8,2.7,2.9,2.6,2.2,2.5,2.0,1.9,1.6,2.1,1.7
218,124183,8,3,Chelsea,Ziyech,MID,54,0.0,0.0,0.0,0.0,0.0,0.0,0.0,0.0,0.0,0.0,0.0,0.0
219,466117,31,3,Crystal Palace,Ahamada,MID,44,0.7,0.3,0.3,0.3,0.3,0.3,0.3,0.3,0.3,0.4,0.4,0.4
220,174874,31,2,Crystal Palace,Andersen,DEF,46,3.7,2.6,3.7,2.0,3.7,1.9,2.8,3.0,3.3,3.3,2.7,3.4
221,80146,31,3,Crystal Palace,J.Ayew,MID,55,3.2,2.2,2.5,2.1,2.4,1.9,2.1,2.3,2.5,2.3,2.2,2.4
222,57328,31,2,Crystal Palace,Clyne,DEF,44,0.6,0.5,0.8,0.6,0.9,0.6,0.8,0.9,1.0,1.0,0.8,1.0
223,438464,31,3,Crystal Palace,C.Doucouré,MID,50,2.4,2.1,2.4,2.0,2.3,1.9,2.1,2.1,2.2,2.1,2.0,2.2
224,450535,31,3,Crystal Palace,Ebiowei,MID,45,0.2,0.2,0.2,0.1,0.2,0.2,0.2,0.2,0.3,0.2,0.2,0.2
225,199670,31,4,Crystal Palace,Edouard,FWD,55,3.1,2.5,3.0,2.6,2.7,2.1,2.5,2.7,2.9,2.6,2.4,2.8
226,232413,31,3,Crystal Palace,Eze,MID,64,4.1,3.1,4.0,3.1,3.8,2.7,3.4,3.5,3.7,3.5,3.3,3.9
227,40836,31,1,Crystal Palace,Guaita,GKP,44,0.0,0.0,0.0,0.0,0.0,0.0,0.0,0.0,0.0,0.0,0.0,0.0
228,209036,31,2,Crystal Palace,Guéhi,DEF,45,3.7,2.7,3.8,2.1,3.8,2.0,2.9,3.1,3.3,3.3,2.8,3.5
229,108413,31,3,Crystal Palace,Hughes,MID,49,1.0,0.9,1.0,0.9,1.0,0.8,1.0,1.0,1.0,1.0,0.9,1.1
230,101982,31,1,Crystal Palace,Johnstone,GKP,45,3.7,3.3,3.3,2.5,2.4,1.5,1.7,1.7,1.7,1.6,1.6,1.7
231,152551,31,3,Crystal Palace,Lerma,MID,49,2.4,2.0,2.2,1.9,2.1,1.7,2.0,2.0,2.1,2.0,1.9,2.1
232,231747,31,4,Crystal Palace,Mateta,FWD,49,1.6,1.0,1.2,0.9,1.1,0.9,1.1,1.2,1.3,1.2,1.1,1.3
233,169593,31,1,Crystal Palace,Matthews,GKP,40,0.0,0.0,0.0,0.0,0.0,0.0,0.0,0.0,0.0,0.0,0.0,0.0
234,244723,31,2,Crystal Palace,Mitchell,DEF,45,3.6,2.6,3.6,2.0,3.6,1.9,2.8,2.9,3.1,3.1,2.6,3.2
235,512462,31,2,Crystal Palace,O'Brien,DEF,40,0.0,0.0,0.0,0.0,0.0,0.0,0.0,0.0,0.0,0.0,0.0,0.0
236,443661,31,3,Crystal Palace,Olise,MID,59,0.3,2.2,3.5,2.9,3.3,2.5,2.9,3.0,3.4,3.2,2.9,3.3
237,450541,31,4,Crystal Palace,Plange,FWD,45,0.0,0.0,0.0,0.0,0.0,0.0,0.0,0.0,0.0,0.0,0.0,0.0
238,427623,31,2,Crystal Palace,C.Richards,DEF,40,0.9,0.9,1.5,1.0,1.7,1.0,1.6,1.5,1.8,1.8,1.4,1.8
239,173954,31,3,Crystal Palace,Riedewald,MID,44,0.4,0.3,0.3,0.3,0.4,0.4,0.4,0.4,0.5,0.4,0.5,0.5
240,86417,31,3,Crystal Palace,Schlupp,MID,50,2.7,2.0,2.2,1.9,2.1,1.7,2.0,2.0,2.1,2.0,1.9,2.1
241,49413,31,2,Crystal Palace,Tomkins,DEF,40,0.2,0.2,0.4,0.3,0.5,0.3,0.4,0.6,0.5,0.5,0.5,0.7
242,55494,31,2,Crystal Palace,Ward,DEF,45,3.4,2.5,3.3,1.9,3.4,1.8,2.5,2.6,2.8,2.8,2.4,3.0
243,487818,31,1,Crystal Palace,Whitworth,GKP,40,0.0,0.0,0.0,0.0,0.0,0.0,0.0,0.0,0.0,0.0,0.0,0.0
244,120250,11,3,Everton,André Gomes,MID,44,0.9,0.8,0.6,0.7,0.7,0.6,0.7,0.6,0.7,0.7,0.7,0.7
245,480455,11,2,Everton,Branthwaite,DEF,40,3.0,1.8,1.7,3.0,2.8,1.3,1.9,1.7,2.0,1.7,2.5,1.5
246,177815,11,4,Everton,Calvert-Lewin,FWD,58,0.3,2.1,3.0,3.9,3.8,2.8,3.0,3.2,2.5,3.4,2.9,2.6
247,59949,11,2,Everton,Coleman,DEF,44,0.0,0.1,0.2,0.8,0.7,0.4,0.7,0.5,0.7,0.5,0.9,0.6
248,108823,11,3,Everton,Dele,MID,49,0.0,0.0,0.0,0.1,0.2,0.5,0.5,0.6,0.5,0.6,0.6,0.5
249,121599,11,3,Everton,A.Doucoure,MID,55,2.9,2.5,2.4,2.9,2.8,2.3,2.4,2.5,2.3,2.6,2.5,2.2
250,232928,11,3,Everton,Garner,MID,50,2.4,2.0,1.9,2.1,2.1,1.7,1.9,1.9,1.7,1.9,1.9,1.7
251,160987,11,3,Everton,Gbamin,MID,44,0.4,0.2,0.2,0.2,0.2,0.1,0.2,0.2,0.2,0.2,0.2,0.2
252,198826,11,2,Everton,Godfrey,DEF,44,1.5,0.7,0.7,1.1,1.1,0.6,0.8,0.7,0.9,0.8,1.2,0.7
253,172632,11,3,Everton,Gray,MID,53,0.0,0.0,0.0,0.0,0.0,0.0,0.0,0.0,0.0,0.0,0.0,0.0
254,80801,11,3,Everton,Gana,MID,49,2.0,1.8,1.8,2.0,1.9,1.7,1.8,1.8,1.7,1.8,1.8,1.6
255,194164,11,2,Everton,Holgate,DEF,40,0.0,0.0,0.0,0.0,0.0,0.0,0.0,0.0,0.0,0.0,0.0,0.0
256,153133,11,3,Everton,Iwobi,MID,54,0.0,0.3,0.9,1.7,1.7,1.4,1.5,1.5,1.4,1.6,1.6,1.3
257,106611,11,2,Everton,Keane,DEF,45,0.7,0.5,0.5,0.8,0.8,0.5,0.7,0.6,0.8,0.6,0.8,0.6
258,115382,11,4,Everton,Maupay,FWD,49,1.5,1.8,1.8,2.3,2.3,1.8,2.0,2.2,1.7,2.1,2.0,1.8
259,433154,11,3,Everton,McNeil,MID,54,0.0,0.7,1.7,3.4,3.4,2.7,2.9,3.1,2.6,3.1,3.0,2.6
260,224967,11,2,Everton,Mykolenko,DEF,44,0.4,0.9,0.8,1.2,1.1,0.6,1.0,0.8,1.0,0.8,1.2,0.8
261,449871,11,3,Everton,Onana,MID,49,2.1,1.8,1.6,1.8,1.7,1.5,1.5,1.6,1.4,1.5,1.6,1.4
262,243571,11,2,Everton,Patterson,DEF,45,3.0,1.7,1.6,2.8,2.5,1.1,1.7,1.5,1.9,1.5,2.3,1.4
263,111234,11,1,Everton,Pickford,GKP,45,3.5,3.4,3.4,3.5,3.4,3.5,3.4,3.4,3.4,3.4,3.4,3.4
264,218997,11,4,Everton,Simms,FWD,45,0.0,0.0,0.0,0.0,0.0,0.0,0.0,0.0,0.0,0.0,0.0,0.0
265,17761,11,2,Everton,Tarkowski,DEF,45,3.3,1.9,1.7,3.4,3.1,1.3,2.1,1.8,2.3,1.9,2.8,1.6
266,222627,11,1,Everton,J.Virginia,GKP,40,0.0,0.1,0.1,0.1,0.1,0.2,0.2,0.2,0.1,0.2,0.2,0.2
267,156689,54,3,Fulham,Andreas,MID,55,2.8,4.6,3.0,3.6,4.5,3.1,3.3,3.7,3.0,3.9,3.0,3.9
268,76357,54,3,Fulham,Cairney,MID,50,1.6,2.4,1.5,1.3,1.4,1.2,1.1,1.4,1.3,1.5,1.2,1.5
269,166324,54,3,Fulham,I.Cavaleiro,MID,50,0.0,0.0,0.0,0.0,0.0,0.0,0.0,0.0,0.0,0.0,0.0,0.0
270,96994,54,3,Fulham,De Cordova-Reid,MID,55,1.6,1.8,1.3,1.5,1.8,1.3,1.4,1.5,1.4,1.7,1.4,1.6
271,219924,54,2,Fulham,Diop,DEF,45,0.9,2.7,2.1,2.0,3.1,1.4,1.0,1.4,1.6,2.5,1.1,2.7
272,432931,54,3,Fulham,Francois,MID,44,0.1,0.0,0.0,0.0,0.0,0.0,0.0,0.0,0.0,0.0,0.0,0.0
273,83543,54,3,Fulham,Knockaert,MID,44,0.1,0.0,0.0,0.0,0.0,0.0,0.0,0.0,0.0,0.0,0.0,0.0
274,109434,54,2,Fulham,Kongolo,DEF,40,0.0,0.1,0.1,0.1,0.2,0.2,0.1,0.1,0.2,0.3,0.1,0.3
275,80201,54,1,Fulham,Leno,GKP,45,3.6,3.5,3.5,3.5,3.6,3.5,3.6,3.5,3.5,3.5,3.5,3.5
276,212314,54,3,Fulham,Lukić,MID,45,0.0,0.5,1.1,1.9,2.1,1.8,1.7,1.8,1.7,2.0,1.7,2.0
277,120721,54,2,Fulham,Mbabu,DEF,40,0.3,0.3,0.2,0.2,0.3,0.1,0.2,0.2,0.2,0.3,0.2,0.4
278,128389,54,4,Fulham,Mitrović,FWD,74,0.0,0.0,0.0,0.0,0.0,0.0,0.0,0.0,0.0,0.0,0.0,0.0
279,244042,54,4,Fulham,Muniz,FWD,44,0.2,0.4,0.3,0.3,0.4,0.3,0.4,0.4,0.4,0.5,0.4,0.4
280,154296,54,3,Fulham,J.Palhinha,MID,50,0.6,0.7,0.5,0.7,0.7,0.7,0.6,0.7,0.5,0.7,0.6,0.6
281,82514,54,2,Fulham,Ream,DEF,45,0.9,2.4,1.9,1.8,2.7,1.3,0.9,1.3,1.5,2.3,1.0,2.5
282,153366,54,3,Fulham,Reed,MID,49,1.7,2.3,1.9,1.8,2.1,1.7,1.7,1.8,1.7,1.9,1.6,1.9
283,169528,54,2,Fulham,Robinson,DEF,45,0.7,2.6,1.9,1.9,3.0,1.3,0.9,1.3,1.5,2.4,1.0,2.6
284,155529,54,1,Fulham,Rodák,GKP,40,0.0,0.1,0.1,0.1,0.1,0.2,0.2,0.1,0.2,0.2,0.2,0.3
285,167074,54,2,Fulham,Tete,DEF,45,0.8,2.1,1.3,1.1,1.7,0.8,0.7,0.9,0.9,1.4,0.7,1.4
286,109646,54,2,Fulham,Tosin,DEF,44,0.5,0.7,0.6,0.5,0.7,0.4,0.4,0.5,0.5,0.8,0.4,0.9
287,245824,54,4,Fulham,Vinícius,FWD,49,0.5,0.6,0.6,0.6,0.7,0.6,0.6,0.7,0.6,0.8,0.6,0.7
288,153682,54,3,Fulham,Wilson,MID,54,1.5,1.7,1.4,1.4,1.7,1.3,1.3,1.4,1.3,1.5,1.3,1.5
289,60706,14,1,Liverpool,Adrián,GKP,40,0.0,0.0,0.0,0.0,0.0,0.0,0.0,0.0,0.0,0.0,0.0,0.0
290,169187,14,2,Liverpool,Alexander-Arnold,DEF,79,3.7,3.9,3.9,2.8,2.5,4.1,4.4,3.9,3.4,2.0,4.3,4.4
291,116535,14,1,Liverpool,A.Becker,GKP,55,3.5,3.6,3.5,3.4,3.4,3.6,3.7,3.6,3.5,3.4,3.7,3.7
292,535928,14,3,Liverpool,Bajcetic,MID,49,0.5,0.2,0.3,0.2,0.2,0.3,0.3,0.2,0.3,0.2,0.3,0.3
293,447203,14,4,Liverpool,Darwin,FWD,73,3.9,3.6,3.4,2.5,2.7,3.4,3.1,3.1,2.8,2.0,3.2,3.3
294,194634,14,3,Liverpool,Diogo J.,MID,80,2.8,2.9,3.4,2.7,2.9,3.8,3.6,3.3,3.0,2.1,3.7,3.6
295,444884,14,3,Liverpool,Elliott,MID,49,1.1,0.9,1.0,0.9,1.0,1.1,1.1,1.1,1.0,0.9,1.2,1.1
296,116643,14,3,Liverpool,Fabinho,MID,50,0.0,0.0,0.0,0.0,0.0,0.0,0.0,0.0,0.0,0.0,0.0,0.0
297,243298,14,4,Liverpool,Gakpo,FWD,74,2.1,2.2,2.3,2.1,2.1,2.4,2.3,2.3,2.1,1.8,2.4,2.3
298,171287,14,2,Liverpool,Gomez,DEF,45,2.4,1.2,1.1,0.7,0.5,0.9,1.1,1.0,0.9,0.5,1.1,1.2
299,56979,14,3,Liverpool,Henderson,MID,50,0.0,0.0,0.0,0.0,0.0,0.0,0.0,0.0,0.0,0.0,0.0,0.0
300,206915,14,3,Liverpool,Jones,MID,49,0.4,0.9,1.0,0.9,0.9,1.0,1.1,1.0,0.9,0.8,1.1,1.0
301,200720,14,1,Liverpool,Kelleher,GKP,40,0.0,0.1,0.1,0.2,0.1,0.1,0.1,0.2,0.2,0.1,0.1,0.1
302,204716,14,2,Liverpool,Konaté,DEF,50,0.0,0.6,1.9,1.9,1.6,2.8,3.3,2.8,2.4,1.4,3.2,3.2
303,244731,14,3,Liverpool,Luis Díaz,MID,77,3.1,3.3,3.4,2.8,2.9,3.5,3.4,3.4,3.2,2.3,3.6,3.5
304,243016,14,3,Liverpool,Mac Allister,MID,60,2.3,2.3,2.3,2.0,2.0,2.3,2.2,2.2,2.1,1.7,2.3,2.2
305,60914,14,2,Liverpool,Matip,DEF,49,3.1,2.8,1.8,1.0,0.8,1.3,1.5,1.3,1.1,0.8,1.6,1.4
306,197464,14,2,Liverpool,Phillips,DEF,40,0.0,0.0,0.0,0.0,0.0,0.0,0.0,0.0,0.0,0.0,0.0,0.0
307,122798,14,2,Liverpool,Robertson,DEF,65,3.1,3.3,3.3,2.4,2.0,3.5,3.8,3.3,2.9,1.7,3.7,3.7
308,118748,14,3,Liverpool,Salah,MID,125,5.5,5.5,5.8,4.6,4.9,6.2,5.7,5.5,5.2,3.5,6.1,6.0
309,424876,14,3,Liverpool,Szoboszlai,MID,70,2.6,2.6,2.6,2.3,2.3,2.6,2.6,2.5,2.3,1.9,2.7,2.5
310,61558,14,3,Liverpool,Thiago,MID,49,0.0,0.0,0.5,0.8,1.0,1.4,1.4,1.4,1.3,1.1,1.5,1.5
311,214285,14,2,Liverpool,Tsimikas,DEF,44,0.5,0.4,0.4,0.3,0.3,0.4,0.5,0.5,0.4,0.3,0.6,0.5
312,444765,14,2,Liverpool,Van den Berg,DEF,40,0.0,0.0,0.0,0.0,0.0,0.0,0.0,0.0,0.0,0.0,0.0,0.0
313,97032,14,2,Liverpool,Virgil,DEF,60,0.0,3.2,3.2,2.3,1.9,3.4,3.8,3.3,2.9,1.7,3.7,3.7
314,174310,102,4,Luton,Adebayo,FWD,49,2.3,2.2,2.2,2.1,2.0,2.0,1.9,2.0,2.0,1.9,1.9,1.9
315,208904,102,2,Luton,Andersen,DEF,40,0.9,1.0,1.0,0.5,0.6,0.8,0.6,0.5,0.4,0.8,0.6,0.6
316,165183,102,2,Luton,Bell,DEF,40,2.1,2.3,2.6,1.8,1.8,2.3,1.6,1.4,1.1,2.3,1.4,1.5
317,82738,102,3,Luton,Berry,MID,49,0.3,0.4,0.5,0.6,0.5,0.6,0.6,0.6,0.6,0.6,0.5,0.5
318,156658,102,2,Luton,Burke,DEF,40,2.0,2.0,2.0,1.3,1.2,1.5,1.1,1.0,0.8,1.6,1.0,1.2
319,193195,102,3,Luton,Campbell,MID,49,0.0,0.0,0.0,0.0,0.0,0.0,0.0,0.0,0.0,0.0,0.0,0.0
320,96784,102,3,Luton,Clark,MID,49,0.0,0.0,0.0,0.0,0.0,0.0,0.0,0.0,0.0,0.0,0.3,0.6
321,244262,102,2,Luton,Doughty,DEF,44,1.0,1.2,1.4,1.1,1.1,1.4,1.1,1.1,0.8,1.5,1.0,1.1
322,49083,102,3,Luton,Freeman,MID,49,0.0,0.0,0.0,0.0,0.0,0.0,0.0,0.0,0.0,0.0,0.0,0.0
323,113534,102,1,Luton,Macey,GKP,40,0.0,0.0,0.0,0.0,0.0,0.0,0.0,0.0,0.0,0.0,0.0,0.0
324,422303,102,4,Luton,McAtee,FWD,45,0.0,0.0,0.0,0.0,0.0,0.0,0.0,0.0,0.0,0.0,0.0,0.0
325,453537,102,3,Luton,Mendes,MID,45,0.0,0.0,0.0,0.0,0.0,0.0,0.0,0.0,0.0,0.0,0.0,0.0
326,156700,102,4,Luton,Morris,FWD,55,4.4,4.1,4.3,4.0,3.7,3.6,3.3,3.6,3.6,3.2,3.3,3.4
327,174595,102,4,Luton,Muskwe,FWD,45,0.0,0.0,0.0,0.0,0.0,0.0,0.0,0.0,0.0,0.0,0.0,0.0
328,229164,102,4,Luton,Ogbene,FWD,49,1.0,1.2,1.3,1.3,1.3,1.2,1.2,1.3,1.4,1.2,1.3,1.2
329,168035,102,3,Luton,Onyedinma,MID,50,0.0,0.0,0.0,0.0,0.0,0.0,0.0,0.0,0.0,0.0,0.0,0.0
330,199056,102,2,Luton,Osho,DEF,45,0.0,0.4,1.5,1.9,1.9,2.5,1.7,1.6,1.2,2.5,1.6,1.7
331,490180,102,4,Luton,Pepple,FWD,45,0.0,0.0,0.0,0.0,0.0,0.0,0.0,0.0,0.0,0.0,0.0,0.0
332,243532,102,3,Luton,Pereira,MID,44,0.0,0.0,0.0,0.0,0.0,0.0,0.0,0.0,0.0,0.0,0.0,0.0
333,108411,102,2,Luton,Potts,DEF,40,0.0,0.0,0.0,0.0,0.0,0.0,0.0,0.0,0.0,0.0,0.0,0.0
334,165152,102,3,Luton,Rea,MID,44,0.0,0.1,0.1,0.2,0.2,0.2,0.2,0.2,0.2,0.2,0.2,0.2
335,77818,102,1,Luton,Shea,GKP,45,0.0,0.0,0.0,0.0,0.0,0.0,0.0,0.0,0.0,0.0,0.0,0.0
336,242500,102,4,Luton,Taylor,FWD,45,0.0,0.0,0.0,0.0,0.0,0.0,0.0,0.0,0.0,0.0,0.0,0.0
337,232477,102,3,Luton,Thorpe,MID,45,0.0,0.0,0.0,0.0,0.0,0.0,0.0,0.0,0.0,0.0,0.0,0.0
338,207722,102,1,Luton,Walton,GKP,40,0.0,0.0,0.0,0.0,0.0,0.0,0.0,0.0,0.0,0.0,0.0,0.0
339,223333,102,3,Luton,Watson,MID,44,0.0,0.0,0.0,0.0,0.0,0.0,0.0,0.1,0.1,0.1,0.0,0.0
340,91046,102,4,Luton,Woodrow,FWD,45,0.0,0.1,0.3,0.3,0.2,0.2,0.3,0.3,0.3,0.3,0.3,0.3
341,211975,43,2,Man City,Akanji,DEF,51,2.2,2.5,3.1,2.6,2.1,2.3,2.0,2.7,2.3,2.2,2.5,2.3
342,126184,43,2,Man City,Aké,DEF,51,3.9,2.5,3.3,2.9,2.2,2.6,2.2,3.3,2.6,2.5,2.8,2.6
343,461358,43,4,Man City,J.Alvarez,FWD,66,3.7,3.1,3.4,3.2,2.6,3.2,3.0,3.5,2.8,3.0,3.1,2.7
344,165809,43,3,Man City,Bernardo,MID,64,2.7,2.8,3.0,2.8,2.3,2.7,2.5,3.0,2.5,2.5,2.6,2.4
345,477555,43,3,Man City,Bobb,MID,44,0.2,0.2,0.2,0.2,0.2,0.3,0.2,0.3,0.2,0.3,0.3,0.3
346,121145,43,2,Man City,Cancelo,DEF,58,0.0,0.0,0.0,0.0,0.0,0.0,0.0,0.0,0.0,0.0,0.0,0.0
347,17601,43,1,Man City,Carson,GKP,40,0.0,0.0,0.0,0.0,0.0,0.0,0.0,0.0,0.0,0.0,0.0,0.0
348,463210,43,3,Man City,Charles,MID,45,0.0,0.0,0.0,0.0,0.0,0.0,0.0,0.0,0.0,0.0,0.0,0.0
349,61366,43,3,Man City,De Bruyne,MID,103,0.0,0.0,0.0,0.0,0.0,0.0,0.0,0.0,0.0,0.0,0.0,0.0
350,171314,43,2,Man City,Rúben,DEF,55,4.2,3.2,4.0,3.5,2.6,2.9,2.5,3.7,3.0,2.9,3.1,2.9
351,220394,43,3,Wolves,Doyle,MID,44,0.4,0.3,0.3,0.0,0.3,0.5,0.4,0.6,0.4,0.5,0.5,0.5
352,121160,43,1,Man City,Ederson M.,GKP,56,4.0,3.7,4.1,3.8,3.6,3.6,3.5,3.9,3.6,3.6,3.7,3.6
353,209244,43,3,Man City,Foden,MID,76,4.5,3.5,4.0,3.5,2.9,3.7,3.3,3.9,3.1,3.1,3.4,2.9
354,114283,43,3,Man City,Grealish,MID,74,3.8,3.0,3.2,2.9,2.4,2.9,2.6,3.1,2.5,2.7,2.7,2.5
355,223094,43,4,Man City,Haaland,FWD,140,7.6,5.9,6.5,5.9,4.8,6.4,5.7,6.9,5.3,5.7,5.8,5.0
356,91651,43,3,Man City,Kovačić,MID,50,2.8,2.2,2.3,2.0,1.8,2.0,1.8,2.0,1.8,1.9,1.9,1.8
357,146941,43,2,Man City,Laporte,DEF,49,0.0,0.0,0.0,0.0,0.0,0.0,0.0,0.0,0.0,0.0,0.0,0.0
358,477064,43,2,Man City,R.Lewis,DEF,45,1.6,0.9,1.1,1.2,1.0,1.0,1.0,1.4,1.2,1.1,1.3,1.2
359,103025,43,3,Man City,Mahrez,MID,75,0.0,0.0,0.0,0.0,0.0,0.0,0.0,0.0,0.0,0.0,0.0,0.0
360,432714,43,3,Man City,McAtee,MID,44,0.3,0.2,0.3,0.2,0.2,0.3,0.3,0.4,0.3,0.3,0.3,0.3
361,88248,43,1,Man City,Ortega Moreno,GKP,40,0.2,0.2,0.3,0.3,0.3,0.3,0.4,0.4,0.3,0.4,0.3,0.3
362,244851,43,3,Chelsea,Palmer,MID,49,0.8,1.1,1.6,1.7,1.3,1.6,1.4,1.7,1.5,1.6,1.6,1.5
363,482769,43,3,Man City,Perrone,MID,44,0.0,0.0,0.0,0.0,0.0,0.0,0.0,0.0,0.0,0.0,0.0,0.0
364,155405,43,3,Man City,Phillips,MID,49,0.5,0.3,0.3,0.3,0.3,0.4,0.4,0.5,0.4,0.5,0.4,0.5
365,220566,43,3,Man City,Rodrigo,MID,57,3.2,2.7,3.0,2.8,2.5,2.8,2.6,3.0,2.6,2.6,2.7,2.5
366,437468,43,2,Man City,Sergio Gómez,DEF,39,0.8,0.4,0.6,0.6,0.5,0.6,0.6,0.9,0.7,0.7,0.8,0.7
367,164484,43,1,Man City,Steffen,GKP,40,0.0,0.0,0.0,0.0,0.0,0.0,0.0,0.0,0.0,0.0,0.0,0.0
368,97299,43,2,Man City,Stones,DEF,53,2.5,3.0,3.7,3.2,2.4,2.6,2.4,3.4,2.7,2.7,3.0,2.7
369,58621,43,2,Man City,Walker,DEF,52,3.3,2.5,3.0,2.7,2.1,2.3,2.0,2.8,2.4,2.3,2.4,2.3
370,152590,1,2,Man Utd,Alex Telles,DEF,45,0.0,0.0,0.0,0.0,0.0,0.0,0.0,0.0,0.0,0.0,0.0,0.0
371,493250,1,3,Man Utd,Amad,MID,44,0.0,0.0,0.1,0.2,0.2,0.3,0.2,0.3,0.3,0.3,0.2,0.3
372,467169,1,3,Man Utd,Antony,MID,69,3.0,3.7,3.5,2.9,3.2,3.7,2.5,3.3,3.9,3.3,2.5,3.2
373,141746,1,3,Man Utd,B.Fernandes,MID,85,3.7,4.8,5.2,4.3,4.8,5.5,3.6,4.9,5.6,4.9,3.4,4.7
374,232937,1,2,Man Utd,B.Williams,DEF,40,0.0,0.0,0.0,0.0,0.0,0.0,0.0,0.0,0.0,0.0,0.0,0.0
375,197365,1,2,Man Utd,Bailly,DEF,40,0.0,0.0,0.0,0.0,0.0,0.0,0.0,0.0,0.0,0.0,0.0,0.0
376,61256,1,3,Man Utd,Casemiro,MID,54,2.6,3.1,3.1,2.8,2.9,3.4,2.4,3.1,3.4,3.0,2.3,2.8
377,216051,1,2,Man Utd,Dalot,DEF,49,1.7,1.7,2.1,2.1,1.8,2.3,1.3,2.1,2.5,1.8,1.1,1.9
378,449434,17,3,Nott'm Forest,Elanga,MID,50,2.7,2.5,1.5,1.7,1.6,1.9,1.5,1.7,1.7,1.8,2.0,1.9
379,80607,1,3,Man Utd,Eriksen,MID,59,2.6,2.6,2.3,1.6,1.6,1.7,1.4,1.7,1.9,1.7,1.4,1.7
380,515501,1,2,Man Utd,Fernandez,DEF,40,0.3,0.1,0.1,0.0,0.0,0.0,0.0,0.0,0.0,0.0,0.0,0.0
381,101582,1,3,Man Utd,Fred,MID,50,0.0,0.0,0.0,0.0,0.0,0.0,0.0,0.0,0.0,0.0,0.0,0.0
382,493105,1,3,Man Utd,Garnacho,MID,49,0.9,1.0,0.8,0.7,0.8,1.0,0.7,1.0,1.0,1.0,0.7,0.9
383,465527,1,3,Man Utd,Hannibal,MID,44,0.0,0.0,0.0,0.0,0.0,0.0,0.0,0.0,0.0,0.0,0.0,0.0
384,21205,1,1,Man Utd,Heaton,GKP,40,0.0,0.0,0.0,0.0,0.0,0.0,0.0,0.0,0.0,0.0,0.0,0.0
385,172649,1,1,Man Utd,Henderson,GKP,45,0.0,0.5,1.0,1.6,2.0,2.7,2.4,2.5,2.6,2.5,2.5,2.5
386,184667,1,2,Man Utd,Lindelof,DEF,45,1.4,1.5,2.1,2.3,1.4,1.2,0.7,1.2,1.3,1.0,0.7,1.1
387,95658,1,2,Man Utd,Maguire,DEF,44,0.5,0.6,1.0,1.0,0.6,0.3,0.3,0.4,0.4,0.4,0.2,0.4
388,516895,1,3,Man Utd,Mainoo,MID,44,0.0,0.0,0.0,0.0,0.0,0.0,0.0,0.0,0.0,0.0,0.0,0.0
389,222690,1,2,Man Utd,Malacia,DEF,44,0.0,0.1,0.5,0.9,0.7,0.4,0.2,0.3,0.4,0.3,0.2,0.3
390,148225,1,4,Man Utd,Martial,FWD,65,1.2,1.4,1.3,1.1,1.4,1.4,1.1,1.5,1.6,1.4,1.1,1.4
391,221820,1,2,Man Utd,Martinez,DEF,49,1.3,1.6,2.2,2.5,2.0,2.7,1.4,2.2,2.7,1.9,1.1,2.0
392,195851,1,3,Man Utd,McTominay,MID,49,0.4,0.4,0.4,0.3,0.3,0.3,0.3,0.4,0.4,0.4,0.3,0.4
393,244856,1,2,Luton,Mengi,DEF,39,0.5,0.6,0.6,0.5,0.5,0.6,0.4,0.6,0.7,0.5,0.4,0.5
394,488404,1,3,Man Utd,Pellistri,MID,45,0.0,0.0,0.1,0.0,0.0,0.1,0.0,0.1,0.1,0.1,0.1,0.1
395,90152,1,2,Man Utd,R.Varane,DEF,51,0.0,0.0,0.0,0.5,1.5,3.3,1.7,2.8,3.2,2.4,1.4,2.5
396,176297,1,3,Man Utd,Rashford,MID,90,4.1,5.3,5.2,4.3,4.7,5.3,3.6,4.9,5.6,4.9,3.5,4.7
397,209243,1,3,Man Utd,Sancho,MID,69,1.9,1.8,1.8,1.5,1.5,1.8,1.3,1.7,1.9,1.7,1.4,1.7
398,106760,1,2,Man Utd,Shaw,DEF,54,0.0,0.0,0.0,0.4,1.2,3.1,1.5,2.6,3.1,2.2,1.2,2.3
399,472464,1,4,Man Utd,Shoretire,FWD,44,0.0,0.0,0.0,0.0,0.0,0.0,0.0,0.0,0.0,0.0,0.0,0.0
400,180184,1,3,Man Utd,Van de Beek,MID,49,0.7,0.7,0.5,0.4,0.4,0.5,0.4,0.5,0.5,0.4,0.4,0.5
401,214590,1,2,Man Utd,Wan-Bissaka,DEF,46,1.6,1.5,1.9,2.1,1.7,2.1,1.2,1.8,2.1,1.7,1.0,1.6
402,179018,4,3,Newcastle,Almirón,MID,64,3.4,3.4,3.7,3.9,3.2,3.1,3.3,3.0,3.3,3.2,3.4,3.4
403,215379,4,3,Newcastle,Anderson,MID,44,0.9,0.6,0.6,0.5,0.5,0.5,0.6,0.5,0.6,0.6,0.8,0.7
404,441024,4,2,Newcastle,Ashby,DEF,40,0.0,0.0,0.0,0.0,0.0,0.0,0.0,0.0,0.0,0.0,0.0,0.0
405,220237,4,2,Newcastle,Botman,DEF,45,0.6,3.0,4.3,4.0,3.2,3.8,3.7,3.1,3.5,3.5,3.0,3.3
406,208706,4,3,Newcastle,Bruno G.,MID,59,3.0,3.2,3.5,3.6,3.0,2.9,3.1,2.8,3.0,2.9,3.0,3.0
407,78916,4,2,Newcastle,Burn,DEF,45,2.3,3.2,4.0,3.7,3.0,3.6,3.4,2.8,3.2,3.2,2.8,3.1
408,59735,4,1,Newcastle,Darlow,GKP,40,0.0,0.0,0.0,0.0,0.0,0.0,0.0,0.0,0.0,0.0,0.0,0.0
409,67089,4,1,Newcastle,Dubravka,GKP,40,0.1,0.1,0.2,0.2,0.1,0.1,0.2,0.2,0.3,0.2,0.2,0.2
410,90105,4,3,Newcastle,Fraser,MID,49,0.0,0.0,0.0,0.0,0.0,0.0,0.0,0.0,0.0,0.0,0.0,0.0
411,81441,4,1,Newcastle,Gillespie,GKP,40,0.0,0.0,0.0,0.0,0.0,0.0,0.0,0.0,0.0,0.0,0.0,0.0
412,232826,4,3,Newcastle,Gordon,MID,55,2.9,2.7,3.1,3.0,2.6,2.3,2.6,2.3,2.6,2.7,2.7,2.6
413,153127,4,3,Newcastle,Hayden,MID,44,0.0,0.0,0.0,0.0,0.0,0.0,0.0,0.1,0.0,0.1,0.1,0.1
414,83314,4,3,Newcastle,Hendrick,MID,44,0.0,0.0,0.0,0.0,0.0,0.0,0.0,0.0,0.1,0.1,0.1,0.1
415,219168,4,4,Newcastle,Isak,FWD,77,3.7,3.6,4.1,4.2,3.4,3.0,3.5,3.3,3.6,3.6,3.7,3.6
416,180974,4,3,Newcastle,Joelinton,MID,59,1.5,3.0,3.3,3.4,2.7,2.6,2.9,2.7,3.0,2.9,3.0,3.0
417,111773,4,2,Newcastle,Krafth,DEF,44,0.0,0.0,0.0,0.0,0.1,0.2,0.2,0.2,0.2,0.2,0.2,0.2
418,564510,4,3,Newcastle,Kuol,MID,45,0.0,0.0,0.0,0.0,0.0,0.0,0.0,0.0,0.0,0.0,0.0,0.0
419,101148,4,2,Newcastle,Lascelles,DEF,40,0.8,0.7,0.6,0.6,0.6,0.7,0.5,0.5,0.5,0.5,0.5,0.6
420,194799,4,2,Newcastle,J.Lewis,DEF,40,0.0,0.0,0.0,0.0,0.0,0.0,0.0,0.0,0.0,0.0,0.0,0.0
421,180135,4,3,Newcastle,Longstaff,MID,49,1.6,0.9,0.9,0.7,0.7,0.7,0.7,0.7,0.8,0.8,0.8,0.9
422,109528,4,2,Newcastle,Manquillo,DEF,40,0.0,0.0,0.0,0.1,0.0,0.0,0.1,0.1,0.1,0.1,0.1,0.0
423,114243,4,3,Newcastle,J.Murphy,MID,49,0.6,0.7,0.9,0.8,0.6,0.7,0.8,0.7,0.9,0.8,0.9,0.8
424,98747,4,1,Newcastle,Pope,GKP,55,3.5,3.6,3.9,3.8,3.6,3.8,3.7,3.5,3.6,3.6,3.5,3.6
425,56983,4,3,Newcastle,Ritchie,MID,44,0.1,0.1,0.1,0.2,0.2,0.2,0.2,0.2,0.2,0.2,0.3,0.3
426,170137,4,3,Newcastle,Saint-Maximin,MID,60,0.0,0.0,0.0,0.0,0.0,0.0,0.0,0.0,0.0,0.0,0.0,0.0
427,119471,4,2,Newcastle,Schär,DEF,50,2.7,3.7,4.5,4.3,3.4,3.9,3.9,3.2,3.8,3.7,3.3,3.6
428,169359,4,2,Newcastle,Targett,DEF,44,1.5,1.0,0.9,1.0,0.9,1.0,1.1,0.8,1.0,1.0,0.8,1.0
429,432422,4,3,Newcastle,Tonali,MID,55,3.5,3.6,4.0,4.0,3.3,3.2,3.4,3.1,3.3,3.3,3.3,3.3
430,77794,4,2,Newcastle,Trippier,DEF,65,2.9,3.9,4.8,4.6,3.6,4.1,4.1,3.4,3.9,3.9,3.4,3.7
431,232977,4,2,Newcastle,Watts,DEF,40,0.0,0.0,0.0,0.0,0.0,0.0,0.0,0.0,0.0,0.0,0.0,0.0
432,200089,4,3,Newcastle,Willock,MID,54,0.0,0.4,1.1,1.8,1.8,1.7,2.0,1.8,2.1,2.0,2.1,2.2
433,75115,4,4,Newcastle,Wilson,FWD,79,2.8,2.9,3.1,3.4,2.8,2.7,3.2,2.7,3.1,2.9,3.3,3.0
434,461682,17,3,Nott'm Forest,B.Aguilera,MID,45,0.0,0.0,0.0,0.0,0.0,0.0,0.0,0.0,0.0,0.0,0.0,0.0
435,48615,17,3,Nott'm Forest,Arter,MID,44,0.0,0.0,0.0,0.0,0.0,0.0,0.0,0.0,0.0,0.0,0.0,0.0
436,80226,17,2,Nott'm Forest,Aurier,DEF,45,1.4,1.4,0.7,1.2,1.4,1.6,0.8,1.2,1.2,1.0,1.3,1.4
437,210156,17,4,Nott'm Forest,Awoniyi,FWD,65,3.5,4.2,2.7,3.5,2.9,4.1,3.0,3.3,3.3,3.7,3.9,3.5
438,437753,17,2,Nott'm Forest,Biancone,DEF,40,0.0,0.0,0.0,0.0,0.0,0.0,0.0,0.0,0.0,0.0,0.0,0.0
439,90585,17,2,Nott'm Forest,Boly,DEF,45,1.9,2.3,0.9,1.4,1.5,1.8,1.0,1.5,1.4,1.2,1.8,1.6
440,245830,17,3,Nott'm Forest,Bowler,MID,45,0.0,0.0,0.0,0.0,0.0,0.0,0.0,0.0,0.0,0.0,0.0,0.0
441,56917,17,2,Nott'm Forest,Cook,DEF,45,0.0,0.0,0.0,0.0,0.0,0.0,0.0,0.0,0.0,0.0,0.0,0.0
442,513046,17,3,Nott'm Forest,Danilo,MID,54,0.8,2.8,2.0,2.4,2.1,2.5,2.0,2.2,2.2,2.2,2.5,2.4
443,230251,17,4,Nott'm Forest,Dennis,FWD,49,0.0,0.0,0.0,0.0,0.0,0.0,0.0,0.0,0.1,0.1,0.1,0.1
444,173399,17,2,Nott'm Forest,Dräger,DEF,40,0.0,0.0,0.0,0.0,0.0,0.0,0.0,0.0,0.0,0.0,0.0,0.0
445,116404,17,2,Nott'm Forest,Felipe,DEF,44,0.6,1.6,1.0,2.2,2.2,3.0,1.4,2.2,2.0,1.8,2.5,2.5
446,89076,17,3,Nott'm Forest,Freuler,MID,49,1.4,0.7,0.6,0.5,0.5,0.6,0.5,0.6,0.5,0.6,0.5,0.6
447,222531,17,3,Nott'm Forest,Gibbs-White,MID,59,3.4,4.2,2.6,3.4,2.9,4.1,2.9,3.3,3.2,3.4,3.8,3.4
448,20066,17,1,Nott'm Forest,Hennessey,GKP,40,0.1,0.0,0.0,0.0,0.0,0.0,0.0,0.0,0.0,0.0,0.0,0.0
449,168547,17,1,Nott'm Forest,Horvath,GKP,44,0.0,0.0,0.0,0.0,0.0,0.0,0.0,0.0,0.0,0.0,0.0,0.0
450,242898,17,3,Nott'm Forest,Johnson,MID,59,0.2,0.3,0.3,0.4,0.4,0.4,0.4,0.5,0.5,0.5,0.5,0.5
451,55037,17,3,Nott'm Forest,Kouyaté,MID,49,1.4,0.7,0.5,0.4,0.4,0.5,0.4,0.5,0.4,0.5,0.5,0.5
452,221403,17,2,Nott'm Forest,Laryea,DEF,45,0.0,0.0,0.0,0.0,0.0,0.0,0.0,0.0,0.0,0.0,0.0,0.0
453,179519,17,3,Nott'm Forest,Mangala,MID,50,0.0,0.4,0.7,1.4,1.6,1.8,1.5,1.7,1.6,1.6,1.6,1.6
454,242885,17,2,Nott'm Forest,Mbe Soh,DEF,40,0.0,0.0,0.0,0.0,0.0,0.0,0.0,0.0,0.0,0.0,0.0,0.0
455,168281,17,2,Nott'm Forest,McKenna,DEF,45,0.2,0.9,0.4,0.8,0.8,1.0,0.5,0.8,0.7,0.7,0.9,0.9
456,244930,17,3,Nott'm Forest,Mighten,MID,44,0.0,0.0,0.0,0.0,0.0,0.0,0.0,0.0,0.0,0.0,0.0,0.0
457,199170,17,2,Nott'm Forest,Niakhaté,DEF,45,2.0,2.7,1.2,2.0,2.1,2.6,1.3,2.1,1.8,1.6,2.2,2.2
458,243345,17,3,Nott'm Forest,O'Brien,MID,49,0.0,0.0,0.0,0.0,0.0,0.0,0.0,0.0,0.0,0.0,0.0,0.0
459,437476,17,3,Nott'm Forest,Ojeda,MID,45,0.0,0.0,0.0,0.0,0.0,0.0,0.0,0.0,0.0,0.0,0.0,0.0
460,209035,17,2,Nott'm Forest,Panzo,DEF,40,0.0,0.0,0.0,0.0,0.0,0.0,0.0,0.0,0.0,0.0,0.0,0.0
461,204822,17,2,Nott'm Forest,O.Richards,DEF,44,0.0,0.0,0.0,0.0,0.0,0.0,0.0,0.0,0.0,0.0,0.0,0.0
462,185253,17,3,Nott'm Forest,G.Scarpa,MID,45,0.0,0.0,0.0,0.0,0.0,0.0,0.0,0.0,0.0,0.0,0.0,0.0
463,50232,17,3,Nott'm Forest,J.Shelvey,MID,49,0.1,0.0,0.0,0.0,0.0,0.0,0.0,0.0,0.0,0.0,0.0,0.0
464,217331,17,4,Nott'm Forest,Surridge,FWD,45,0.0,0.0,0.0,0.0,0.0,0.0,0.0,0.0,0.0,0.0,0.0,0.0
465,114241,17,2,Nott'm Forest,Toffolo,DEF,44,0.3,0.3,0.1,0.2,0.2,0.3,0.1,0.3,0.2,0.2,0.2,0.3
466,201440,17,4,Nott'm Forest,Ui-jo,FWD,44,0.4,0.6,0.4,0.5,0.4,0.6,0.5,0.5,0.6,0.6,0.7,0.6
467,215136,17,2,Nott'm Forest,Williams,DEF,45,0.6,0.7,0.3,0.6,0.6,0.9,0.4,0.7,0.6,0.6,0.7,0.8
468,60689,17,4,Nott'm Forest,Wood,FWD,50,0.6,0.8,0.6,0.8,0.7,0.9,0.7,0.8,0.8,0.9,0.9,0.9
469,208912,17,2,Nott'm Forest,Worrall,DEF,45,1.7,2.1,0.9,1.5,1.6,2.0,1.0,1.5,1.4,1.2,1.8,1.8
470,204968,17,3,Nott'm Forest,Yates,MID,49,2.2,2.1,1.5,1.6,1.4,1.7,1.5,1.6,1.5,1.6,1.7,1.6
471,233821,49,2,Sheffield Utd,Ahmedhodžić,DEF,45,3.3,2.0,1.8,2.4,3.1,2.2,1.6,3.4,1.6,3.3,2.7,2.0
472,538206,49,1,Sheffield Utd,Amissah,GKP,40,0.0,0.0,0.0,0.0,0.0,0.0,0.0,0.0,0.0,0.0,0.0,0.0
473,82691,49,2,Sheffield Utd,Baldock,DEF,40,2.1,1.3,1.2,1.5,2.0,1.3,1.1,2.3,0.9,2.1,1.7,1.2
474,40386,49,2,Sheffield Utd,Basham,DEF,40,0.6,0.5,0.5,0.7,0.9,0.6,0.6,1.1,0.5,1.1,0.9,0.7
475,207189,90,3,Burnley,Berge,MID,49,2.5,2.5,2.5,2.2,2.4,2.2,2.4,2.3,2.1,2.4,2.6,2.4
476,226182,49,2,Sheffield Utd,Bogle,DEF,45,1.1,0.8,0.8,1.0,1.3,1.0,0.8,1.6,0.8,1.5,1.4,1.0
477,195473,49,4,Sheffield Utd,Brewster,FWD,49,0.0,0.0,0.0,0.0,0.0,0.0,0.0,0.0,0.0,0.0,0.0,0.0
478,476938,49,3,Sheffield Utd,Coulibaly,MID,44,0.3,0.1,0.2,0.3,0.4,0.3,0.4,0.4,0.4,0.4,0.5,0.5
479,102549,49,1,Sheffield Utd,A.Davies,GKP,40,0.0,0.1,0.1,0.1,0.1,0.2,0.2,0.2,0.3,0.3,0.2,0.3
480,108416,49,2,Sheffield Utd,Egan,DEF,45,2.3,1.4,1.3,1.7,2.2,1.4,1.1,2.5,1.0,2.4,1.9,1.4
481,47247,49,3,Sheffield Utd,Fleck,MID,49,0.0,0.0,0.0,0.0,0.0,0.0,0.0,0.0,0.0,0.0,0.0,0.0
482,82143,49,1,Sheffield Utd,Foderingham,GKP,45,3.5,3.6,3.6,3.5,3.5,3.6,3.6,3.5,3.7,3.5,3.5,3.6
483,523700,49,4,Sheffield Utd,Jebbison,FWD,49,0.0,0.2,0.2,0.3,0.4,0.4,0.3,0.4,0.4,0.4,0.5,0.4
484,155197,49,2,Sheffield Utd,Lowe,DEF,45,0.0,0.0,0.0,0.0,0.0,0.0,0.0,0.0,0.0,0.0,0.0,0.0
485,169432,49,4,Sheffield Utd,McBurnie,FWD,54,2.9,2.5,2.5,2.6,2.7,2.7,2.2,2.7,2.5,2.8,2.6,2.5
486,440993,49,4,Sheffield Utd,Ndiaye,FWD,55,0.0,0.0,0.0,0.0,0.0,0.0,0.0,0.0,0.0,0.0,0.0,0.0
487,443211,49,2,Sheffield Utd,Norrington-Davies,DEF,40,0.0,0.0,0.0,0.0,0.0,0.0,0.0,0.0,0.0,0.0,0.0,0.0
488,79934,49,3,Sheffield Utd,Norwood,MID,50,2.7,2.2,2.2,2.3,2.4,2.4,2.1,2.5,2.2,2.5,2.4,2.3
489,167878,49,3,Sheffield Utd,Osborn,MID,49,0.0,0.0,0.0,0.0,0.0,0.0,0.0,0.0,0.0,0.0,0.0,0.0
490,538207,49,4,Sheffield Utd,Osula,FWD,45,0.7,0.6,0.5,0.7,0.6,0.8,0.7,0.8,0.7,0.8,0.8,0.8
491,214572,6,1,Spurs,Austin,GKP,40,0.0,0.0,0.0,0.0,0.0,0.0,0.0,0.0,0.0,0.0,0.0,0.0
492,202993,6,3,Spurs,Bentancur,MID,55,0.0,0.0,0.0,0.0,0.0,0.0,0.0,0.2,0.6,1.1,0.9,1.1
493,227127,6,3,Spurs,Bissouma,MID,50,1.9,2.2,1.7,1.8,1.9,2.0,1.7,1.8,1.8,1.8,1.5,1.8
494,436234,6,3,Spurs,Bryan,MID,50,0.0,0.0,0.0,0.0,0.0,0.0,0.0,0.0,0.0,0.0,0.0,0.0
495,115556,6,2,Spurs,Davies,DEF,45,0.4,0.6,0.4,0.5,0.7,0.8,0.7,0.7,0.8,0.7,0.4,0.7
496,93264,6,2,Spurs,Dier,DEF,44,0.3,0.6,0.4,0.5,0.6,0.8,0.7,0.7,0.7,0.7,0.4,0.7
497,241157,6,2,Spurs,E.Royal,DEF,45,0.9,1.4,0.8,1.0,1.3,1.4,1.3,1.2,1.3,1.2,0.8,1.3
498,40383,6,1,Spurs,Forster,GKP,40,0.0,0.1,0.1,0.2,0.2,0.2,0.2,0.2,0.2,0.2,0.2,0.2
499,132015,6,3,Spurs,Højbjerg,MID,54,0.5,0.6,0.5,0.6,0.6,0.6,0.5,0.6,0.5,0.5,0.5,0.5
500,78830,6,4,Spurs,Kane,FWD,125,0.0,0.0,0.0,0.0,0.0,0.0,0.0,0.0,0.0,0.0,0.0,0.0
501,445044,6,3,Spurs,Kulusevski,MID,70,3.2,3.8,2.4,2.7,2.9,3.2,2.4,2.8,2.7,2.6,2.1,2.9
502,37915,6,1,Spurs,Lloris,GKP,49,0.0,0.0,0.0,0.0,0.0,0.0,0.0,0.0,0.0,0.0,0.0,0.0
503,200826,6,3,Spurs,Lo Celso,MID,48,0.0,0.3,0.8,1.2,1.6,1.6,1.3,1.5,1.5,1.4,1.1,1.5
504,172780,6,3,Spurs,Maddison,MID,77,5.4,6.6,4.0,4.6,5.2,5.7,3.7,4.8,4.7,4.5,3.1,5.0
505,231372,6,3,Spurs,Ndombele,MID,44,0.1,0.2,0.1,0.1,0.2,0.2,0.2,0.2,0.2,0.1,0.1,0.1
506,441164,6,2,Spurs,Pedro Porro,DEF,49,3.6,4.6,2.3,2.7,3.5,4.0,2.8,3.2,3.3,3.1,1.8,3.4
507,45034,6,2,Spurs,Perišić,DEF,49,1.8,2.4,1.2,1.6,1.9,2.2,1.6,1.9,2.0,1.8,1.1,1.9
508,199249,6,2,Spurs,Reguilón,DEF,44,1.7,4.5,2.1,2.1,1.9,1.1,0.9,1.0,1.0,0.9,0.6,1.0
509,212319,6,3,Spurs,Richarlison,MID,69,2.2,2.9,2.0,2.2,2.4,2.6,2.0,2.3,2.4,2.2,1.8,2.4
510,214225,6,2,Spurs,Rodon,DEF,40,0.0,0.0,0.0,0.0,0.0,0.0,0.0,0.0,0.0,0.0,0.0,0.0
511,221632,6,2,Spurs,Romero,DEF,46,2.6,3.8,1.6,2.0,2.8,3.3,2.5,2.5,2.7,2.5,1.3,2.7
512,173904,6,2,Spurs,Sánchez,DEF,44,0.3,0.5,0.3,0.4,0.6,0.6,0.5,0.6,0.6,0.6,0.4,0.7
513,482442,6,3,Spurs,Sarr,MID,45,2.4,2.6,1.9,1.9,2.1,2.4,1.7,1.9,1.8,1.6,1.4,1.8
514,184349,6,2,Spurs,Sessegnon,DEF,45,0.0,0.0,0.0,0.0,0.0,0.0,0.0,0.0,0.0,0.0,0.0,0.0
515,209042,6,3,Spurs,Skipp,MID,48,0.9,1.1,0.9,0.9,0.9,0.9,0.9,0.8,0.9,0.7,0.7,0.7
516,85971,6,3,Spurs,Son,MID,90,5.4,6.6,4.1,4.8,5.4,6.0,4.0,5.0,5.0,4.8,3.4,5.2
517,232859,6,2,Spurs,Spence,DEF,40,0.0,0.0,0.0,0.0,0.0,0.0,0.0,0.0,0.0,0.0,0.0,0.0
518,199584,6,2,Spurs,Tanganga,DEF,40,0.0,0.0,0.0,0.0,0.0,0.0,0.0,0.0,0.0,0.0,0.0,0.0
519,487053,6,2,Spurs,Udogie,DEF,46,3.1,4.1,2.0,2.4,3.1,3.6,2.8,2.8,3.0,2.8,1.6,2.9
520,184254,6,1,Spurs,Vicario,GKP,51,3.6,3.9,3.5,3.5,3.6,3.7,3.6,3.6,3.6,3.6,3.5,3.6
521,175941,6,1,Spurs,Whiteman,GKP,40,0.0,0.0,0.0,0.0,0.0,0.0,0.0,0.0,0.0,0.0,0.0,0.0
522,210494,21,2,West Ham,N.Aguerd,DEF,45,3.2,1.8,1.7,4.1,2.0,2.2,3.2,2.1,3.6,2.8,3.0,2.0
523,57531,21,4,West Ham,Antonio,FWD,61,3.4,2.5,2.7,3.6,2.5,2.5,3.2,2.5,3.1,2.9,2.5,2.5
524,84182,21,1,West Ham,Areola,GKP,41,3.5,3.4,3.4,3.6,3.4,3.4,3.4,3.4,3.5,3.3,3.4,3.4
525,172841,21,3,West Ham,Benrahma,MID,59,3.1,2.3,2.3,3.4,2.4,2.4,3.1,2.4,2.8,2.9,2.5,2.4
526,178186,21,3,West Ham,Bowen,MID,71,3.7,2.8,2.9,4.4,2.9,2.9,3.9,2.9,3.8,3.5,3.1,2.9
527,149519,21,3,West Ham,Cornet,MID,54,0.5,0.5,0.6,1.0,0.6,0.7,1.0,0.9,1.0,1.0,0.9,1.0
528,164555,21,2,West Ham,Coufal,DEF,45,2.6,1.5,1.3,3.3,1.6,1.8,2.5,1.6,2.8,2.2,2.5,1.6
529,222017,21,3,West Ham,Coventry,MID,44,0.3,0.3,0.2,0.1,0.1,0.2,0.2,0.2,0.3,0.2,0.2,0.2
530,55459,21,2,West Ham,Cresswell,DEF,44,0.6,0.5,0.5,0.9,0.6,0.7,0.9,0.7,1.0,1.0,1.0,0.7
531,220585,21,3,West Ham,Downes,MID,50,0.0,0.0,0.0,0.0,0.0,0.0,0.0,0.0,0.0,0.0,0.0,0.0
532,109533,21,2,West Ham,Emerson,DEF,45,2.9,1.7,1.5,3.6,1.8,2.0,2.6,1.8,3.0,2.3,2.5,1.8
533,37096,21,1,West Ham,Fabianski,GKP,44,0.1,0.2,0.2,0.3,0.3,0.3,0.3,0.4,0.5,0.4,0.4,0.4
534,217593,21,3,West Ham,P.Fornals,MID,49,1.1,1.0,1.0,1.3,1.0,1.1,1.3,1.1,1.5,1.3,1.3,1.2
535,84939,21,4,West Ham,Ings,FWD,59,1.7,1.4,1.5,2.0,1.5,1.5,1.9,1.6,1.8,1.8,1.6,1.5
536,222018,21,2,West Ham,Johnson,DEF,44,0.4,0.4,0.3,0.7,0.4,0.5,0.7,0.5,0.7,0.6,0.6,0.5
537,201057,21,2,West Ham,Kehrer,DEF,44,1.5,0.9,0.6,1.2,0.6,0.7,0.9,0.7,1.1,0.9,1.0,0.6
538,487837,21,4,West Ham,Mubama,FWD,44,0.1,0.1,0.2,0.2,0.2,0.2,0.3,0.3,0.3,0.3,0.3,0.3
539,224024,21,3,West Ham,L.Paquetá,MID,60,3.4,2.6,2.7,3.8,2.6,2.6,3.4,2.6,3.1,2.9,2.6,2.5
540,204480,3,3,Arsenal,Rice,MID,54,2.8,2.7,2.5,2.6,2.2,2.3,2.9,2.1,2.7,2.3,2.7,2.6
541,195899,21,4,West Ham,Scamacca,FWD,60,0.0,0.0,0.0,0.0,0.0,0.0,0.0,0.0,0.0,0.0,0.0,0.0
542,215439,21,3,West Ham,Souček,MID,50,0.0,0.4,1.5,2.7,2.2,2.3,2.6,2.3,2.7,2.5,2.4,2.3
543,180151,21,3,West Ham,Vlašić,MID,45,0.0,0.0,0.0,0.0,0.0,0.0,0.0,0.0,0.0,0.0,0.0,0.0
544,103192,21,2,West Ham,Zouma,DEF,45,2.9,1.7,1.5,3.6,1.8,2.0,2.7,1.9,3.0,2.4,2.7,1.8
545,448514,39,2,Wolves,Aït-Nouri,DEF,45,1.5,1.2,1.7,1.0,1.5,1.5,1.0,1.9,1.3,1.6,0.9,1.7
546,79602,39,1,Wolves,Bentley,GKP,40,0.1,0.1,0.1,0.1,0.1,0.1,0.1,0.2,0.1,0.2,0.1,0.2
547,431960,39,2,Wolves,Bolla,DEF,40,0.0,0.0,0.0,0.0,0.0,0.0,0.0,0.0,0.0,0.0,0.0,0.0
548,490721,39,2,Wolves,Bueno,DEF,45,1.5,1.1,1.5,1.0,1.4,1.4,1.0,1.7,1.3,1.5,1.0,1.6
549,510363,39,3,Wolves,Chiquinho,MID,45,0.0,0.0,0.0,0.0,0.0,0.0,0.0,0.0,0.0,0.0,0.0,0.0
550,245923,39,3,Wolves,Cundle,MID,45,0.0,0.0,0.0,0.0,0.0,0.0,0.0,0.0,0.0,0.0,0.0,0.0
551,60232,39,2,Wolves,Dawson,DEF,45,2.1,1.6,2.4,1.4,2.1,2.0,1.4,2.6,1.9,2.2,1.2,2.3
552,449988,39,4,Wolves,Fábio Silva,FWD,55,2.0,2.2,2.4,1.9,2.2,2.4,2.0,2.4,2.3,2.4,2.0,2.6
553,232351,102,2,Luton,Giles,DEF,45,2.7,2.8,3.1,2.3,2.2,2.8,1.9,1.8,1.4,2.7,1.8,1.9
554,181284,39,3,Wolves,Guedes,MID,54,0.0,0.0,0.0,0.0,0.0,0.0,0.0,0.0,0.0,0.0,0.0,0.0
555,240299,39,3,Wolves,Hodge,MID,44,0.2,0.6,0.8,0.8,0.8,0.9,0.8,0.9,0.9,0.9,0.8,1.0
556,441271,39,2,Wolves,Hoever,DEF,40,0.0,0.0,0.0,0.0,0.0,0.0,0.0,0.0,0.0,0.0,0.0,0.0
557,184754,39,3,Wolves,Hee Chan,MID,55,2.0,2.5,2.8,2.2,2.6,2.7,2.2,2.9,2.5,2.6,2.3,3.1
558,102057,54,4,Fulham,Raúl,FWD,54,2.0,2.7,2.0,2.3,2.7,2.1,2.2,2.3,2.0,2.4,2.0,2.3
559,448089,39,3,Wolves,João Gomes,MID,50,1.8,1.7,1.8,1.6,1.7,1.7,1.5,1.8,1.6,1.7,1.5,1.7
560,114128,39,2,Wolves,J.Otto,DEF,44,0.0,0.1,0.1,0.1,0.1,0.1,0.1,0.3,0.2,0.2,0.1,0.2
561,428610,39,3,Wolves,Jordão,MID,44,0.3,0.2,0.3,0.4,0.4,0.3,0.4,0.4,0.5,0.5,0.4,0.5
562,429414,39,4,Wolves,Kalajdžić,FWD,50,0.7,0.9,1.1,0.9,1.2,1.2,1.1,1.4,1.2,1.2,1.0,1.4
563,214048,39,2,Wolves,Kilman,DEF,45,2.2,1.6,2.5,1.4,2.2,2.2,1.5,2.8,2.0,2.4,1.3,2.6
564,138001,39,1,Wolves,King,GKP,40,0.0,0.0,0.0,0.0,0.0,0.0,0.0,0.0,0.0,0.0,0.0,0.0
565,151086,39,3,Wolves,Lemina,MID,50,2.1,2.1,2.2,1.9,2.0,2.1,1.9,2.2,2.0,2.0,1.8,2.2
566,465351,39,3,Wolves,Matheus N.,MID,50,0.3,0.8,1.6,1.5,1.7,1.7,1.6,2.0,1.7,1.8,1.7,1.9
567,247632,39,3,Wolves,Neto,MID,55,2.6,2.9,3.1,2.4,2.8,2.9,2.5,3.2,2.8,2.9,2.4,3.1
568,200600,39,3,Wolves,Podence,MID,54,0.6,0.6,0.7,0.6,0.8,0.9,0.7,0.9,0.9,0.9,0.7,1.0
569,149065,39,1,Wolves,José Sá,GKP,50,3.4,3.4,3.5,3.4,3.4,3.4,3.4,3.5,3.4,3.5,3.5,3.5
570,88484,39,3,Wolves,Sarabia,MID,50,2.5,2.7,3.0,2.3,2.8,2.9,2.5,3.2,2.8,3.0,2.4,3.3
571,216208,39,1,Wolves,Šarkić,GKP,40,0.0,0.0,0.0,0.0,0.0,0.0,0.0,0.0,0.0,0.0,0.0,0.0
572,200402,39,2,Wolves,N.Semedo,DEF,45,2.1,1.6,2.5,1.3,2.1,2.2,1.5,2.8,1.9,2.4,1.3,2.6
573,510362,39,2,Wolves,Toti,DEF,44,0.2,0.2,0.3,0.3,0.4,0.5,0.4,0.7,0.5,0.5,0.4,0.6
574,476502,39,3,Wolves,Boubacar Traore,MID,44,1.1,1.0,1.1,1.0,1.1,1.1,1.0,1.2,1.1,1.2,1.0,1.2
575,108796,102,2,Luton,Lockyer,DEF,44,2.1,2.3,2.6,1.9,1.8,2.4,1.6,1.5,1.1,2.4,1.5,1.6
576,83427,49,2,Sheffield Utd,Robinson,DEF,45,2.4,1.4,1.3,1.7,2.2,1.4,1.2,2.5,1.0,2.4,1.9,1.4
577,40669,21,2,West Ham,Ogbonna,DEF,45,0.7,0.5,0.4,0.6,0.4,0.4,0.6,0.4,0.8,0.6,0.7,0.5
578,200641,3,3,Arsenal,Nelson,MID,49,0.1,0.2,0.2,0.3,0.2,0.3,0.4,0.2,0.4,0.3,0.4,0.4
579,11948,11,1,Everton,Lonergan,GKP,40,0.0,0.0,0.0,0.0,0.0,0.0,0.0,0.0,0.0,0.0,0.0,0.0
580,104542,4,1,Newcastle,Karius,GKP,40,0.0,0.0,0.0,0.0,0.0,0.0,0.0,0.0,0.0,0.0,0.0,0.0
581,106618,4,2,Newcastle,Dummett,DEF,40,0.3,0.2,0.1,0.2,0.1,0.2,0.1,0.2,0.2,0.2,0.1,0.2
582,104047,102,3,Luton,Mpanzu,MID,49,2.6,2.6,2.8,2.6,2.6,2.6,2.4,2.5,2.6,2.6,2.4,2.4
583,235674,6,3,Spurs,Solomon,MID,54,1.0,1.3,0.8,0.9,1.0,1.1,0.9,1.0,0.9,1.0,0.8,1.0
584,244954,7,2,Aston Villa,Pau,DEF,45,1.6,3.1,2.2,2.0,2.8,2.7,3.2,3.0,3.2,2.0,2.6,1.9
585,445122,3,2,Arsenal,J.Timber,DEF,48,0.0,0.0,0.0,0.0,0.0,0.0,0.0,0.0,0.0,0.0,0.0,0.0
586,222677,102,3,Luton,Chong,MID,50,2.1,2.1,2.1,2.0,2.0,2.0,1.9,1.9,1.8,1.9,1.9,1.9
587,504198,49,3,Sheffield Utd,Slimane,MID,49,1.2,0.8,0.8,0.9,1.0,1.0,1.0,1.1,1.0,1.2,1.2,1.1
588,18892,11,2,Everton,Young,DEF,45,2.6,1.4,1.3,2.2,2.0,1.0,1.4,1.2,1.6,1.2,1.9,1.1
589,518620,8,3,Chelsea,Ângelo,MID,50,0.0,0.0,0.0,0.0,0.0,0.0,0.0,0.0,0.0,0.0,0.0,0.0
590,430871,39,4,Wolves,Cunha,FWD,55,2.6,3.0,3.0,2.4,2.8,2.8,2.5,3.1,2.7,2.9,2.5,3.2
591,47431,54,3,Fulham,Willian,MID,53,1.8,3.0,2.4,2.5,3.0,2.4,2.4,2.7,2.3,2.8,2.3,2.7
592,432990,49,2,Sheffield Utd,Larouci,DEF,45,0.6,0.4,0.5,0.6,0.7,0.5,0.5,0.9,0.4,0.8,0.7,0.6
593,523957,49,4,Sheffield Utd,T.Bénie,FWD,55,1.7,1.3,1.3,1.4,1.5,1.6,1.4,1.5,1.5,1.6,1.6,1.5
594,492831,90,4,Burnley,Amdouni,FWD,55,2.3,2.2,2.3,1.8,2.1,1.9,2.1,1.9,1.8,2.2,2.3,2.0
595,544877,91,2,Bournemouth,Kerkez,DEF,45,1.6,1.9,1.1,1.5,1.7,2.3,2.1,1.0,1.4,2.4,1.8,1.9
596,432720,90,1,Burnley,Trafford,GKP,45,3.5,3.6,3.6,3.6,3.5,3.5,3.5,3.5,3.5,3.5,3.7,3.5
597,202641,1,1,Man Utd,Onana,GKP,50,3.5,3.5,3.4,3.5,3.4,3.6,3.4,3.5,3.6,3.4,3.4,3.4
598,87835,39,2,Wolves,Doherty,DEF,44,0.4,0.5,0.8,0.5,0.8,0.9,0.7,1.1,1.0,1.1,0.7,1.1
599,243557,7,3,Aston Villa,Diaby,MID,66,3.0,3.2,3.0,3.2,3.2,3.3,3.7,3.1,3.5,2.7,3.1,2.6
600,83283,90,3,Burnley,Redmond,MID,49,0.7,0.5,0.6,0.5,0.6,0.6,0.6,0.6,0.6,0.7,0.8,0.7
601,220307,11,3,Everton,Danjuma,MID,55,3.9,3.0,2.6,2.9,2.5,2.0,2.1,2.3,1.8,2.4,2.2,2.0
602,476369,102,2,Luton,Kaboré,DEF,40,2.7,2.8,3.2,2.3,2.3,2.8,2.0,1.9,1.4,2.8,1.8,2.0
603,201666,4,3,Newcastle,Barnes,MID,65,2.2,2.9,3.7,4.0,3.1,2.9,3.3,3.0,3.3,3.4,3.6,3.4
604,159506,17,2,Nott'm Forest,Aina,DEF,45,1.8,2.1,0.8,1.3,1.4,1.7,0.9,1.4,1.2,1.1,1.5,1.5
605,487702,90,3,Burnley,Koleosho,MID,50,1.7,1.6,1.7,1.4,1.6,1.4,1.5,1.4,1.4,1.5,1.8,1.5
606,223434,36,2,Brighton,Igor,DEF,44,0.6,0.6,1.0,0.9,0.8,0.5,1.2,0.9,1.3,1.0,0.9,1.0
607,215531,91,1,Bournemouth,Radu,GKP,45,0.0,0.0,0.0,0.0,0.1,0.1,0.1,0.1,0.1,0.1,0.1,0.1
608,179458,90,3,Burnley,Bruun Larsen,MID,49,1.2,0.9,0.8,0.8,0.9,0.9,0.9,0.9,0.8,0.9,1.1,0.9
609,441302,8,3,Burnley,Maatsen,MID,53,1.8,1.4,1.4,1.5,1.4,1.3,1.4,1.3,1.3,1.3,1.4,1.3
610,232892,54,2,Fulham,Bassey,DEF,45,0.6,1.5,1.2,1.2,1.8,1.0,0.8,1.0,1.1,1.6,0.8,1.8
611,220362,8,2,Chelsea,Disasi,DEF,51,3.5,2.3,1.9,2.1,1.9,1.6,1.9,1.6,1.4,1.2,1.6,1.4
613,503714,8,3,Chelsea,Ugochukwu,MID,45,1.0,0.9,0.9,0.8,0.7,0.7,0.9,0.8,0.7,0.7,0.9,0.8
614,54738,102,1,Luton,Kaminski,GKP,45,3.5,3.5,3.6,3.5,3.5,3.5,3.5,3.5,3.6,3.5,3.5,3.5
615,536694,31,3,Crystal Palace,Matheus França,MID,50,0.3,1.2,1.7,1.5,1.8,1.4,1.7,1.6,1.7,1.7,1.6,1.9
616,477424,43,2,Man City,Gvardiol,DEF,51,3.3,2.9,3.5,3.3,2.4,2.6,2.3,3.2,2.7,2.6,2.9,2.7
617,497894,1,4,Man Utd,Højlund,FWD,70,1.9,3.3,3.4,2.9,3.1,3.6,2.6,3.2,3.6,3.1,2.4,3.2
618,549068,7,3,Aston Villa,Kellyman,MID,45,0.0,0.0,0.0,0.0,0.0,0.0,0.0,0.0,0.0,0.0,0.0,0.0
619,474772,91,2,Bournemouth,Greenwood,DEF,40,0.0,0.0,0.0,0.0,0.0,0.0,0.0,0.0,0.0,0.0,0.0,0.0
620,501284,94,3,Brentford,Olakigbe,MID,45,0.0,0.0,0.0,0.0,0.0,0.0,0.0,0.0,0.0,0.0,0.0,0.0
621,532529,36,3,Brighton,Hinshelwood,MID,45,0.0,0.0,0.0,0.0,0.0,0.0,0.0,0.0,0.0,0.0,0.0,0.0
622,461567,90,2,Burnley,Dodgson,DEF,40,0.0,0.0,0.0,0.0,0.0,0.0,0.0,0.0,0.0,0.0,0.0,0.0
623,534392,8,4,Chelsea,Burstow,FWD,45,0.3,0.3,0.3,0.2,0.2,0.1,0.2,0.1,0.2,0.2,0.2,0.2
624,461421,11,3,Everton,Dobbin,MID,45,1.8,1.2,0.8,0.4,0.3,0.3,0.3,0.3,0.4,0.4,0.3,0.3
625,547686,54,2,Fulham,De Fougerolles,DEF,40,0.0,0.0,0.0,0.0,0.0,0.0,0.0,0.0,0.0,0.0,0.0,0.0
626,441428,14,2,Liverpool,Quansah,DEF,40,0.4,0.0,0.1,0.0,0.0,0.0,0.1,0.0,0.0,0.0,0.1,0.1
627,491970,14,3,Liverpool,Clark,MID,45,0.0,0.0,0.0,0.0,0.0,0.0,0.0,0.0,0.0,0.0,0.0,0.0
628,496208,14,3,Liverpool,Doak,MID,45,0.0,0.0,0.0,0.0,0.0,0.0,0.0,0.0,0.0,0.0,0.0,0.0
629,491501,14,3,Liverpool,McConnell,MID,45,0.0,0.0,0.0,0.0,0.0,0.0,0.0,0.0,0.0,0.0,0.0,0.0
630,88894,102,3,Luton,Barkley,MID,50,2.4,2.3,2.4,2.1,2.0,2.1,1.9,2.0,2.0,2.0,1.9,2.0
631,242453,102,4,Luton,Brown,FWD,50,1.3,1.4,1.6,1.4,1.5,1.5,1.3,1.5,1.5,1.3,1.4,1.4
632,487828,1,3,Man Utd,Forson,MID,45,0.0,0.0,0.0,0.0,0.0,0.0,0.0,0.0,0.0,0.0,0.0,0.0
633,441191,4,2,Newcastle,Livramento,DEF,45,0.4,0.6,0.7,0.8,0.6,0.8,0.7,0.7,0.7,0.8,0.7,0.8
634,545477,4,2,Newcastle,A.Murphy,DEF,40,0.0,0.0,0.0,0.0,0.0,0.0,0.0,0.0,0.0,0.0,0.0,0.0
635,547719,4,3,Newcastle,Miley,MID,45,0.0,0.0,0.0,0.0,0.0,0.0,0.0,0.0,0.0,0.0,0.0,0.0
636,450197,17,1,Nott'm Forest,G.Shelvey,GKP,40,0.0,0.0,0.0,0.0,0.0,0.0,0.0,0.0,0.0,0.0,0.0,0.0
637,547659,17,2,Nott'm Forest,Powell,DEF,40,0.0,0.0,0.0,0.0,0.0,0.0,0.0,0.0,0.0,0.0,0.0,0.0
638,424001,49,3,Sheffield Utd,Vini Souza,MID,50,1.9,1.7,1.6,1.8,1.8,1.8,1.7,1.9,1.7,1.9,1.8,1.7
639,491279,6,2,Spurs,Van de Ven,DEF,45,2.6,3.6,1.8,2.0,2.8,3.1,2.6,2.5,2.7,2.5,1.5,2.6
640,490145,6,4,Spurs,Scarlett,FWD,45,0.0,0.0,0.0,0.0,0.0,0.0,0.0,0.0,0.0,0.0,0.0,0.0
641,536908,6,4,Spurs,Veliz,FWD,55,1.0,0.8,0.7,0.7,0.8,0.8,0.7,0.8,0.7,0.7,0.6,0.8
642,213999,21,3,West Ham,Álvarez,MID,50,2.3,2.0,1.8,2.1,1.7,1.8,1.9,1.8,1.9,1.8,1.8,1.7
643,232980,91,2,Bournemouth,Aarons,DEF,45,1.4,1.9,0.9,1.2,1.4,1.8,1.7,0.7,1.1,1.9,1.4,1.4
644,503139,91,3,Bournemouth,Scott,MID,50,0.0,0.0,0.0,0.0,0.0,0.0,0.0,0.0,0.0,0.0,0.0,0.0
645,491012,11,4,Everton,Y. Chermiti,FWD,50,1.0,0.5,0.3,0.3,0.3,0.2,0.2,0.3,0.2,0.3,0.3,0.3
646,463748,3,1,Arsenal,Hein,GKP,40,0.0,0.0,0.0,0.0,0.0,0.0,0.0,0.0,0.0,0.0,0.0,0.0
647,447879,21,1,West Ham,Anang,GKP,40,0.0,0.0,0.0,0.0,0.0,0.0,0.0,0.0,0.0,0.0,0.0,0.0
648,552030,102,2,Luton,Francis-Clarke,DEF,40,0.0,0.0,0.0,0.0,0.0,0.0,0.0,0.0,0.0,0.0,0.0,0.0
649,461416,11,4,Everton,Cannon,FWD,45,0.1,0.0,0.0,0.0,0.0,0.0,0.0,0.0,0.0,0.0,0.0,0.0
650,461446,11,3,Everton,Onyango,MID,45,0.0,0.0,0.0,0.0,0.0,0.0,0.0,0.0,0.0,0.0,0.0,0.0
651,490146,54,4,Fulham,Stansfield,FWD,45,0.0,0.0,0.0,0.0,0.0,0.0,0.0,0.0,0.0,0.0,0.0,0.0
652,515023,54,3,Fulham,Dibley-Dias,MID,45,0.0,0.0,0.0,0.0,0.0,0.0,0.0,0.0,0.0,0.0,0.0,0.0
653,471848,49,2,Sheffield Utd,Seriki,DEF,40,0.0,0.0,0.0,0.0,0.0,0.0,0.0,0.0,0.0,0.0,0.0,0.0
654,532377,49,4,Sheffield Utd,Marsh,FWD,45,0.0,0.0,0.0,0.0,0.0,0.0,0.0,0.0,0.0,0.0,0.0,0.0
655,538210,49,3,Sheffield Utd,Brooks,MID,45,0.0,0.0,0.0,0.0,0.0,0.0,0.0,0.0,0.0,0.0,0.0,0.0
656,487836,49,4,Sheffield Utd,Hackford,FWD,45,0.0,0.0,0.0,0.0,0.0,0.0,0.0,0.0,0.0,0.1,0.0,0.0
657,450542,31,3,Crystal Palace,Rak-Sakyi,MID,45,0.6,0.2,0.2,0.2,0.2,0.2,0.3,0.3,0.3,0.3,0.2,0.3
658,461382,31,4,Crystal Palace,Gordon,FWD,45,0.0,0.0,0.0,0.0,0.0,0.0,0.0,0.0,0.0,0.0,0.0,0.0
659,482158,8,1,Chelsea,Bergström,GKP,40,0.0,0.0,0.0,0.0,0.0,0.0,0.0,0.0,0.0,0.0,0.0,0.0
660,550839,90,3,Burnley,Odobert,MID,50,0.0,0.0,0.0,0.1,0.1,0.1,0.1,0.1,0.1,0.1,0.1,0.1
661,221399,11,3,Everton,Harrison,MID,55,0.0,0.4,1.1,2.0,2.0,1.7,1.8,1.9,1.7,1.8,1.9,1.7
662,159533,54,3,Fulham,Adama,MID,50,1.8,2.4,1.7,1.7,2.0,1.6,1.7,1.8,1.6,1.9,1.5,1.9
663,196100,49,3,Sheffield Utd,Hamer,MID,50,3.1,2.6,2.5,2.6,2.7,2.7,2.3,2.8,2.5,2.8,2.6,2.4
664,101178,21,3,West Ham,Ward-Prowse,MID,60,3.1,2.2,2.4,3.3,2.3,2.3,2.9,2.3,2.8,2.7,2.4,2.2
665,20480,102,1,Luton,Krul,GKP,45,0.1,0.2,0.2,0.2,0.3,0.3,0.3,0.3,0.4,0.4,0.3,0.4
666,173807,49,3,Sheffield Utd,T.Davies,MID,50,1.1,1.8,1.8,1.9,2.0,2.0,1.8,2.1,1.9,2.1,2.0,1.8
667,514356,8,3,Chelsea,Lavia,MID,50,0.0,0.0,0.0,0.0,0.0,0.0,0.0,0.0,0.1,0.0,0.1,0.1
668,158983,14,3,Liverpool,Endo,MID,55,2.5,2.3,2.2,2.0,2.0,2.1,2.1,2.0,1.9,1.7,2.2,2.2
669,477733,1,1,Man Utd,Vítek,GKP,40,0.0,0.0,0.0,0.0,0.0,0.0,0.0,0.0,0.0,0.0,0.0,0.0
670,462381,7,1,Aston Villa,Marschall,GKP,40,0.0,0.0,0.0,0.0,0.0,0.0,0.0,0.0,0.0,0.0,0.0,0.0
671,461188,8,2,Chelsea,Humphreys,DEF,40,0.0,0.0,0.0,0.0,0.0,0.0,0.0,0.0,0.0,0.0,0.0,0.0
672,245414,7,3,Aston Villa,Zaniolo,MID,55,1.8,2.0,2.2,2.3,2.2,2.3,2.7,2.3,2.6,2.0,2.3,1.8
673,200785,91,3,Bournemouth,Adams,MID,50,0.0,0.0,0.0,0.0,0.0,0.0,0.0,0.0,0.0,0.0,0.0,0.0
674,247245,90,2,Burnley,Delcroix,DEF,40,1.8,1.7,1.3,0.9,1.5,1.1,1.4,1.6,0.9,1.4,2.0,1.5
675,447715,90,3,Burnley,A.Ramsey,MID,50,0.5,0.7,0.7,0.8,0.9,0.8,0.9,0.9,0.8,0.9,1.1,0.9
676,233963,21,2,West Ham,Mavropanos,DEF,45,0.0,0.0,0.4,1.5,1.0,1.1,1.4,1.1,1.7,1.4,1.5,1.1
677,617054,8,4,Chelsea,Deivid,FWD,45,0.0,0.0,0.0,0.0,0.0,0.0,0.0,0.0,0.0,0.0,0.0,0.0
678,248875,43,3,Man City,Doku,MID,65,2.7,1.6,1.9,1.7,1.5,1.8,1.8,2.0,1.7,1.8,1.7,1.6
679,218430,17,2,Nott'm Forest,G.Montiel,DEF,45,1.4,2.4,1.1,1.8,1.8,2.2,1.2,1.8,1.6,1.4,2.1,2.0
680,474803,8,1,Chelsea,Beach,GKP,40,0.0,0.0,0.0,0.0,0.0,0.0,0.0,0.0,0.0,0.0,0.0,0.0
681,491011,8,3,Chelsea,Diego Moreira,MID,45,0.0,0.0,0.0,0.0,0.0,0.0,0.0,0.0,0.0,0.0,0.0,0.0
682,611011,102,2,Luton,Johnson,DEF,40,0.0,0.0,0.0,0.0,0.0,0.0,0.0,0.0,0.0,0.0,0.0,0.0
683,515024,54,3,Fulham,Harris,MID,45,0.1,0.0,0.0,0.0,0.0,0.0,0.0,0.0,0.0,0.0,0.0,0.0
684,494041,94,3,Brentford,Brierley,MID,45,0.0,0.0,0.0,0.0,0.0,0.0,0.0,0.0,0.0,0.0,0.0,0.0
685,504598,1,3,Man Utd,Gore,MID,45,0.0,0.0,0.0,0.0,0.0,0.0,0.0,0.0,0.0,0.0,0.0,0.0
686,516159,7,1,Aston Villa,Zych,GKP,40,0.0,0.0,0.0,0.0,0.0,0.0,0.0,0.0,0.0,0.0,0.0,0.0
687,457569,8,1,Chelsea,Petrovic,GKP,45,0.0,0.1,0.1,0.1,0.2,0.3,0.2,0.2,0.2,0.2,0.2,0.2
688,166477,54,2,Fulham,Castagne,DEF,45,0.4,1.7,1.6,1.9,2.6,1.4,1.0,1.4,1.5,2.3,1.1,2.5
689,460842,21,3,West Ham,Kudus,MID,65,2.2,1.8,1.9,2.5,1.9,1.9,2.3,1.9,2.2,2.1,1.9,1.9
690,535301,36,3,Brighton,Baleba,MID,45,0.0,0.0,0.0,0.0,0.0,0.0,0.0,0.0,0.0,0.0,0.0,0.0
691,486385,11,4,Everton,Beto,FWD,60,4.0,2.6,1.9,2.3,2.1,1.8,2.0,2.2,1.7,2.2,2.1,1.8
692,428971,54,1,Fulham,Benda,GKP,40,0.0,0.0,0.0,0.0,0.0,0.0,0.0,0.0,0.0,0.0,0.0,0.0
693,244619,49,2,Sheffield Utd,Thomas,DEF,40,2.0,1.2,1.1,1.4,1.9,1.2,0.9,2.1,0.8,2.0,1.6,1.1
